date,radiation_mGy_day,temperature_C,microgravity_stress
2016-01-01,0.356,-48.93,0.269
2016-01-02,0.298,-26.18,0.503
2016-01-03,0.454,-76.22,0.715
2016-01-04,0.405,93.21,0.224
2016-01-05,0.494,18.4,0.512
2016-01-06,0.373,54.96,0.903
2016-01-07,0.439,-58.13,0.225
2016-01-08,0.513,93.35,0.732
2016-01-09,0.578,47.58,0.224
2016-01-10,0.368,-28.43,0.59
2016-01-11,0.321,24.5,0.46
2016-01-12,0.256,-49.14,0.252
2016-01-13,0.385,69.44,0.825
2016-01-14,0.218,12.97,0.392
2016-01-15,0.443,102.09,0.666
2016-01-16,0.35,116.58,0.356
2016-01-17,0.31,110.37,0.217
2016-01-18,0.247,117.85,0.98
2016-01-19,0.413,-40.63,0.908
2016-01-20,0.407,54.17,0.709
2016-01-21,0.477,-58.91,0.69
2016-01-22,0.339,27.26,0.912
2016-01-23,0.381,-50.38,0.206
2016-01-24,0.413,-9.91,0.882
2016-01-25,0.507,57.7,0.333
2016-01-26,0.494,111.46,0.32
2016-01-27,0.279,-20.26,0.896
2016-01-28,0.54,-8.98,0.654
2016-01-29,0.514,30.99,0.662
2016-01-30,0.312,-33.87,0.423
2016-01-31,0.403,-16.42,0.314
2016-02-01,0.343,-30.43,0.977
2016-02-02,0.299,-58.28,0.789
2016-02-03,0.434,0.9,0.851
2016-02-04,0.474,107.95,0.817
2016-02-05,0.309,84.51,0.53
2016-02-06,0.435,-59.43,0.445
2016-02-07,0.451,17.23,0.711
2016-02-08,0.232,8.81,0.878
2016-02-09,0.443,-74.0,0.444
2016-02-10,0.331,37.59,0.243
2016-02-11,0.39,-34.43,0.351
2016-02-12,0.289,-68.4,0.619
2016-02-13,0.312,39.65,0.509
2016-02-14,0.283,92.98,0.967
2016-02-15,0.395,44.2,0.631
2016-02-16,0.281,52.08,0.219
2016-02-17,0.334,57.1,0.437
2016-02-18,0.226,9.34,0.493
2016-02-19,0.306,-33.29,0.752
2016-02-20,0.532,10.37,0.306
2016-02-21,0.439,73.08,0.994
2016-02-22,0.439,76.86,0.968
2016-02-23,0.36,94.52,0.437
2016-02-24,0.571,-36.02,0.339
2016-02-25,0.408,40.41,0.99
2016-02-26,0.308,-70.37,0.452
2016-02-27,0.542,78.27,0.377
2016-02-28,0.398,32.92,0.743
2016-02-29,0.358,-40.8,0.642
2016-03-01,0.266,97.58,0.355
2016-03-02,0.178,0.23,0.959
2016-03-03,0.333,-60.47,0.975
2016-03-04,0.433,-10.73,0.241
2016-03-05,0.462,78.34,0.347
2016-03-06,0.495,19.85,0.657
2016-03-07,0.404,-66.57,0.278
2016-03-08,0.473,112.81,0.4
2016-03-09,0.203,98.12,0.765
2016-03-10,0.4,-79.01,0.237
2016-03-11,0.357,41.86,0.382
2016-03-12,0.296,108.66,0.422
2016-03-13,0.411,-77.37,0.276
2016-03-14,0.411,109.49,0.568
2016-03-15,0.335,-22.09,0.741
2016-03-16,0.378,-30.25,0.644
2016-03-17,0.356,-12.22,0.663
2016-03-18,0.307,-29.06,0.558
2016-03-19,0.451,23.2,0.999
2016-03-20,0.396,-7.59,0.998
2016-03-21,0.443,11.74,0.937
2016-03-22,0.509,25.24,0.326
2016-03-23,0.338,26.41,0.469
2016-03-24,0.407,115.64,0.83
2016-03-25,0.406,47.46,0.214
2016-03-26,0.418,-78.93,0.211
2016-03-27,0.254,-29.41,0.695
2016-03-28,0.534,-2.07,0.878
2016-03-29,0.407,81.03,0.331
2016-03-30,0.351,119.5,0.477
2016-03-31,0.194,10.34,0.386
2016-04-01,0.409,-21.62,0.762
2016-04-02,0.315,-76.44,0.596
2016-04-03,0.632,67.15,0.74
2016-04-04,0.459,-6.01,0.454
2016-04-05,0.423,91.87,0.5
2016-04-06,0.288,-16.07,0.419
2016-04-07,0.414,76.54,0.608
2016-04-08,0.421,-72.94,0.799
2016-04-09,0.413,-22.37,0.731
2016-04-10,0.461,66.81,0.203
2016-04-11,0.332,97.06,0.753
2016-04-12,0.51,34.47,0.871
2016-04-13,0.338,65.08,0.368
2016-04-14,0.406,72.3,0.733
2016-04-15,0.339,-13.67,0.34
2016-04-16,0.368,-79.19,0.385
2016-04-17,0.474,-65.76,0.541
2016-04-18,0.405,-8.8,0.954
2016-04-19,0.273,62.63,0.725
2016-04-20,0.247,-65.15,0.431
2016-04-21,0.35,6.89,0.736
2016-04-22,0.326,-48.65,0.485
2016-04-23,0.509,92.79,0.579
2016-04-24,0.253,52.31,0.267
2016-04-25,0.499,76.66,0.259
2016-04-26,0.367,35.62,0.967
2016-04-27,0.465,-67.27,0.634
2016-04-28,0.456,-59.66,0.312
2016-04-29,0.293,-58.46,0.679
2016-04-30,0.364,-20.17,0.883
2016-05-01,0.253,48.47,0.407
2016-05-02,0.372,33.5,0.298
2016-05-03,0.307,-54.12,0.807
2016-05-04,0.538,58.86,0.866
2016-05-05,0.355,-29.19,0.59
2016-05-06,0.339,-72.61,0.278
2016-05-07,0.319,88.92,0.587
2016-05-08,0.499,82.91,0.999
2016-05-09,0.457,67.51,0.293
2016-05-10,0.489,-59.47,0.26
2016-05-11,0.309,57.88,0.221
2016-05-12,0.531,-19.18,0.886
2016-05-13,0.338,68.54,0.205
2016-05-14,0.409,-48.28,0.455
2016-05-15,0.353,-32.14,0.678
2016-05-16,0.44,-1.25,0.799
2016-05-17,0.297,10.27,0.543
2016-05-18,0.302,16.51,0.729
2016-05-19,0.286,100.22,0.768
2016-05-20,0.393,-1.97,0.826
2016-05-21,0.43,50.78,0.392
2016-05-22,0.32,24.56,0.956
2016-05-23,0.348,93.36,0.648
2016-05-24,0.433,-1.46,0.689
2016-05-25,0.358,70.82,0.828
2016-05-26,0.347,-17.12,0.934
2016-05-27,0.316,-19.73,0.707
2016-05-28,0.384,109.78,0.312
2016-05-29,0.447,-41.33,0.79
2016-05-30,0.542,19.77,0.251
2016-05-31,0.247,106.02,0.95
2016-06-01,0.381,-67.32,0.42
2016-06-02,0.589,-67.74,0.326
2016-06-03,0.384,-35.15,0.852
2016-06-04,0.472,-0.43,0.623
2016-06-05,0.336,14.9,0.372
2016-06-06,0.495,86.21,0.409
2016-06-07,0.294,75.21,0.672
2016-06-08,0.419,-59.03,0.766
2016-06-09,0.438,9.94,0.809
2016-06-10,0.355,45.94,0.594
2016-06-11,0.54,-63.52,0.874
2016-06-12,0.338,14.41,0.745
2016-06-13,0.24,105.75,0.961
2016-06-14,0.532,46.63,0.514
2016-06-15,0.26,-33.84,0.529
2016-06-16,0.402,-16.63,0.842
2016-06-17,0.388,8.11,0.325
2016-06-18,0.283,-0.61,0.964
2016-06-19,0.251,-62.0,0.687
2016-06-20,0.253,7.29,0.784
2016-06-21,0.477,55.19,0.58
2016-06-22,0.426,4.81,0.657
2016-06-23,0.51,-54.02,0.375
2016-06-24,0.43,100.18,0.757
2016-06-25,0.347,-41.06,0.328
2016-06-26,0.46,61.23,0.254
2016-06-27,0.456,-41.94,0.527
2016-06-28,0.26,110.37,0.929
2016-06-29,0.449,40.76,0.784
2016-06-30,0.431,49.95,0.804
2016-07-01,0.389,47.35,0.307
2016-07-02,0.348,-3.44,0.832
2016-07-03,0.405,71.27,0.705
2016-07-04,0.213,63.3,0.482
2016-07-05,0.328,-31.11,0.982
2016-07-06,0.289,97.65,0.94
2016-07-07,0.441,-65.31,0.337
2016-07-08,0.354,-66.06,0.892
2016-07-09,0.347,74.92,0.805
2016-07-10,0.366,-74.02,0.63
2016-07-11,0.42,-19.09,0.85
2016-07-12,0.353,21.29,0.415
2016-07-13,0.385,-16.27,0.333
2016-07-14,0.321,-40.47,0.796
2016-07-15,0.267,95.17,0.474
2016-07-16,0.383,65.86,0.874
2016-07-17,0.442,-41.14,0.319
2016-07-18,0.315,34.87,0.787
2016-07-19,0.431,-28.79,0.289
2016-07-20,0.493,53.2,0.506
2016-07-21,0.241,4.12,0.823
2016-07-22,0.341,4.86,0.934
2016-07-23,0.302,-16.57,0.493
2016-07-24,0.252,-58.74,0.764
2016-07-25,0.432,-39.48,0.229
2016-07-26,0.417,35.26,0.307
2016-07-27,0.378,-49.0,0.344
2016-07-28,0.24,-73.62,0.344
2016-07-29,0.495,51.13,0.863
2016-07-30,0.261,46.58,0.216
2016-07-31,0.371,-71.28,0.817
2016-08-01,0.456,92.54,0.956
2016-08-02,0.398,27.84,0.422
2016-08-03,0.313,31.83,0.383
2016-08-04,0.386,-9.93,0.334
2016-08-05,0.312,-17.58,0.351
2016-08-06,0.439,88.65,0.411
2016-08-07,0.472,-71.94,0.564
2016-08-08,0.398,68.85,0.219
2016-08-09,0.283,20.14,0.368
2016-08-10,0.409,-26.98,0.886
2016-08-11,0.459,118.41,0.775
2016-08-12,0.355,96.18,0.799
2016-08-13,0.391,90.6,0.987
2016-08-14,0.382,91.96,0.961
2016-08-15,0.501,-2.61,0.969
2016-08-16,0.433,22.48,0.629
2016-08-17,0.371,-9.9,0.307
2016-08-18,0.462,55.61,0.264
2016-08-19,0.533,-25.18,0.328
2016-08-20,0.529,20.66,0.201
2016-08-21,0.392,115.56,0.836
2016-08-22,0.438,-38.89,0.698
2016-08-23,0.435,85.38,0.836
2016-08-24,0.523,-55.16,0.514
2016-08-25,0.349,3.47,0.352
2016-08-26,0.287,-65.11,0.292
2016-08-27,0.42,-73.77,0.741
2016-08-28,0.364,100.14,0.811
2016-08-29,0.362,-56.63,0.325
2016-08-30,0.495,-63.1,0.861
2016-08-31,0.21,-74.96,0.654
2016-09-01,0.443,29.03,0.417
2016-09-02,0.344,60.23,0.491
2016-09-03,0.414,-33.8,0.235
2016-09-04,0.454,20.48,0.348
2016-09-05,0.335,-46.24,0.33
2016-09-06,0.386,10.29,0.853
2016-09-07,0.38,24.2,0.455
2016-09-08,0.357,30.94,0.993
2016-09-09,0.545,2.52,0.307
2016-09-10,0.475,-32.96,0.582
2016-09-11,0.336,16.87,0.988
2016-09-12,0.276,107.79,0.311
2016-09-13,0.537,66.07,0.866
2016-09-14,0.408,11.18,0.79
2016-09-15,0.282,-31.96,0.383
2016-09-16,0.307,-68.09,0.808
2016-09-17,0.392,27.09,0.371
2016-09-18,0.409,89.52,0.551
2016-09-19,0.261,9.14,0.806
2016-09-20,0.372,-42.63,0.229
2016-09-21,0.331,-58.83,0.845
2016-09-22,0.299,112.72,0.437
2016-09-23,0.332,-77.69,0.591
2016-09-24,0.305,26.11,0.678
2016-09-25,0.293,-31.25,0.474
2016-09-26,0.433,-8.35,0.62
2016-09-27,0.493,98.05,0.906
2016-09-28,0.295,73.32,0.43
2016-09-29,0.272,49.57,0.588
2016-09-30,0.4,61.63,0.95
2016-10-01,0.387,1.39,0.898
2016-10-02,0.544,-74.86,0.356
2016-10-03,0.394,-44.46,0.93
2016-10-04,0.49,-4.47,0.455
2016-10-05,0.404,106.52,0.642
2016-10-06,0.294,72.16,0.209
2016-10-07,0.346,84.88,0.838
2016-10-08,0.412,67.45,0.382
2016-10-09,0.349,68.01,0.506
2016-10-10,0.371,55.03,0.239
2016-10-11,0.357,33.67,0.348
2016-10-12,0.264,30.44,0.3
2016-10-13,0.318,100.37,0.459
2016-10-14,0.444,88.35,0.875
2016-10-15,0.466,-70.89,0.838
2016-10-16,0.493,-71.37,0.75
2016-10-17,0.387,7.25,0.643
2016-10-18,0.503,95.72,0.836
2016-10-19,0.528,14.97,0.539
2016-10-20,0.448,20.48,0.876
2016-10-21,0.376,113.72,0.26
2016-10-22,0.42,-72.73,0.821
2016-10-23,0.457,-24.6,0.973
2016-10-24,0.421,36.31,0.934
2016-10-25,0.406,-6.46,0.529
2016-10-26,0.502,-14.78,0.725
2016-10-27,0.267,-49.27,0.491
2016-10-28,0.352,-68.39,0.474
2016-10-29,0.256,-15.87,0.6
2016-10-30,0.239,54.33,0.657
2016-10-31,0.498,57.9,0.976
2016-11-01,0.318,91.25,0.686
2016-11-02,0.428,97.75,0.765
2016-11-03,0.539,39.9,0.327
2016-11-04,0.433,74.37,0.656
2016-11-05,0.377,-27.4,0.454
2016-11-06,0.462,-4.96,0.764
2016-11-07,0.468,80.84,0.78
2016-11-08,0.296,32.25,0.645
2016-11-09,0.476,107.94,0.415
2016-11-10,0.323,-4.55,0.991
2016-11-11,0.327,84.16,0.419
2016-11-12,0.266,43.26,0.246
2016-11-13,0.42,-12.63,0.221
2016-11-14,0.415,-45.66,0.83
2016-11-15,0.296,44.85,0.309
2016-11-16,0.3,-53.54,0.392
2016-11-17,0.451,-29.3,0.25
2016-11-18,0.46,18.76,0.328
2016-11-19,0.428,53.46,0.665
2016-11-20,0.387,-66.0,0.401
2016-11-21,0.381,-35.91,0.756
2016-11-22,0.274,24.72,0.927
2016-11-23,0.386,-27.33,0.664
2016-11-24,0.479,-57.48,0.508
2016-11-25,0.446,92.28,0.411
2016-11-26,0.467,-25.51,0.296
2016-11-27,0.304,54.66,0.52
2016-11-28,0.411,104.27,0.667
2016-11-29,0.29,45.08,0.319
2016-11-30,0.338,48.0,0.778
2016-12-01,0.321,-58.02,0.825
2016-12-02,0.545,31.03,0.302
2016-12-03,0.397,63.8,0.899
2016-12-04,0.439,-3.2,0.372
2016-12-05,0.362,26.83,0.371
2016-12-06,0.396,57.3,0.477
2016-12-07,0.458,10.37,0.537
2016-12-08,0.367,82.98,0.663
2016-12-09,0.37,78.67,0.929
2016-12-10,0.324,103.69,0.48
2016-12-11,0.438,47.44,0.663
2016-12-12,0.455,42.57,0.212
2016-12-13,0.368,7.66,0.473
2016-12-14,0.579,-7.0,0.889
2016-12-15,0.3,118.02,0.296
2016-12-16,0.372,-47.11,0.372
2016-12-17,0.325,-79.4,0.388
2016-12-18,0.358,-21.16,0.477
2016-12-19,0.35,-40.57,0.7
2016-12-20,0.513,118.39,0.566
2016-12-21,0.314,97.12,0.497
2016-12-22,0.425,78.58,0.803
2016-12-23,0.381,-51.48,0.467
2016-12-24,0.266,-29.87,0.32
2016-12-25,0.29,86.55,0.354
2016-12-26,0.296,-33.5,0.784
2016-12-27,0.43,-47.63,0.774
2016-12-28,0.374,117.69,0.899
2016-12-29,0.477,-59.51,0.515
2016-12-30,0.345,53.02,0.804
2016-12-31,0.263,78.73,0.916
2017-01-01,0.584,112.96,0.798
2017-01-02,0.394,98.59,0.918
2017-01-03,0.454,54.43,0.422
2017-01-04,0.471,-3.77,0.495
2017-01-05,0.439,-3.51,0.748
2017-01-06,0.466,67.4,0.432
2017-01-07,0.494,-9.29,0.653
2017-01-08,0.384,-43.32,0.488
2017-01-09,0.313,-8.69,0.359
2017-01-10,0.368,-43.28,0.372
2017-01-11,0.316,-35.5,0.66
2017-01-12,0.541,82.52,0.307
2017-01-13,0.522,17.02,0.425
2017-01-14,0.603,17.21,0.23
2017-01-15,0.356,42.54,0.748
2017-01-16,0.198,-68.72,0.931
2017-01-17,0.352,43.57,0.469
2017-01-18,0.547,23.68,0.56
2017-01-19,0.437,39.81,0.878
2017-01-20,0.386,48.73,0.702
2017-01-21,0.587,-60.16,0.936
2017-01-22,0.436,15.35,0.568
2017-01-23,0.529,-50.22,0.804
2017-01-24,0.385,17.04,0.78
2017-01-25,0.566,-20.72,0.329
2017-01-26,0.424,18.65,0.443
2017-01-27,0.627,-4.5,0.65
2017-01-28,0.476,-63.72,0.724
2017-01-29,0.329,-1.7,0.411
2017-01-30,0.432,97.43,0.389
2017-01-31,0.341,35.89,0.824
2017-02-01,0.378,61.92,0.468
2017-02-02,0.48,-76.75,0.251
2017-02-03,0.445,53.89,0.603
2017-02-04,0.306,60.45,0.309
2017-02-05,0.407,104.43,0.676
2017-02-06,0.287,84.39,0.286
2017-02-07,0.409,77.43,0.419
2017-02-08,0.515,51.22,0.543
2017-02-09,0.393,-49.85,0.392
2017-02-10,0.237,-43.11,0.791
2017-02-11,0.484,-12.35,0.549
2017-02-12,0.37,-48.06,0.943
2017-02-13,0.37,20.85,0.743
2017-02-14,0.421,-16.44,0.837
2017-02-15,0.42,98.83,0.443
2017-02-16,0.516,117.86,0.298
2017-02-17,0.428,-18.58,0.778
2017-02-18,0.383,18.02,0.305
2017-02-19,0.573,-29.01,0.213
2017-02-20,0.519,-33.31,0.411
2017-02-21,0.288,-64.83,0.216
2017-02-22,0.379,2.3,0.935
2017-02-23,0.29,66.57,0.492
2017-02-24,0.305,-42.99,0.636
2017-02-25,0.463,-25.58,0.314
2017-02-26,0.419,93.93,0.419
2017-02-27,0.358,-1.41,0.354
2017-02-28,0.368,-54.87,0.494
2017-03-01,0.365,8.97,0.609
2017-03-02,0.412,10.48,0.487
2017-03-03,0.315,33.41,0.935
2017-03-04,0.376,26.12,0.878
2017-03-05,0.313,-79.21,0.323
2017-03-06,0.48,-70.96,0.665
2017-03-07,0.305,39.54,0.895
2017-03-08,0.399,59.37,0.495
2017-03-09,0.386,-34.13,0.774
2017-03-10,0.407,-63.57,0.243
2017-03-11,0.545,-10.99,0.576
2017-03-12,0.46,59.71,0.212
2017-03-13,0.365,45.74,0.875
2017-03-14,0.458,-58.21,0.484
2017-03-15,0.421,79.65,0.283
2017-03-16,0.471,101.91,0.643
2017-03-17,0.387,75.14,0.56
2017-03-18,0.314,23.52,0.665
2017-03-19,0.409,-74.96,0.957
2017-03-20,0.363,-52.87,0.837
2017-03-21,0.364,-37.92,0.805
2017-03-22,0.388,-56.96,0.815
2017-03-23,0.509,41.28,0.675
2017-03-24,0.377,31.11,0.744
2017-03-25,0.262,-56.06,0.392
2017-03-26,0.415,49.31,0.845
2017-03-27,0.387,30.75,0.939
2017-03-28,0.321,-56.5,0.455
2017-03-29,0.4,1.36,0.777
2017-03-30,0.367,-68.37,0.369
2017-03-31,0.412,-38.8,0.7
2017-04-01,0.376,27.86,0.487
2017-04-02,0.242,-23.25,0.356
2017-04-03,0.344,56.92,0.935
2017-04-04,0.325,-33.93,0.335
2017-04-05,0.438,1.96,0.34
2017-04-06,0.338,-44.03,0.594
2017-04-07,0.443,-27.71,0.235
2017-04-08,0.31,42.08,0.879
2017-04-09,0.231,-77.75,0.651
2017-04-10,0.333,85.28,0.855
2017-04-11,0.302,88.05,0.247
2017-04-12,0.291,-13.21,0.902
2017-04-13,0.398,-59.97,0.332
2017-04-14,0.335,-30.11,0.589
2017-04-15,0.329,-12.28,0.671
2017-04-16,0.344,-13.43,0.793
2017-04-17,0.359,80.02,0.694
2017-04-18,0.389,105.56,0.757
2017-04-19,0.374,2.48,0.775
2017-04-20,0.451,-2.59,0.544
2017-04-21,0.375,47.96,0.877
2017-04-22,0.363,-11.15,0.269
2017-04-23,0.419,49.43,0.422
2017-04-24,0.442,60.16,0.861
2017-04-25,0.366,50.1,0.357
2017-04-26,0.579,-48.39,0.283
2017-04-27,0.403,-19.27,0.732
2017-04-28,0.351,88.58,0.383
2017-04-29,0.244,-30.62,0.744
2017-04-30,0.42,69.96,0.388
2017-05-01,0.381,-18.44,0.856
2017-05-02,0.345,101.38,0.559
2017-05-03,0.432,16.37,0.256
2017-05-04,0.355,-74.59,0.739
2017-05-05,0.399,23.8,0.928
2017-05-06,0.431,28.25,0.423
2017-05-07,0.322,105.75,0.498
2017-05-08,0.497,-68.01,0.443
2017-05-09,0.307,91.83,0.816
2017-05-10,0.245,-72.24,0.963
2017-05-11,0.479,58.7,0.675
2017-05-12,0.41,12.29,0.77
2017-05-13,0.443,75.46,0.835
2017-05-14,0.303,-34.4,0.625
2017-05-15,0.466,85.67,0.795
2017-05-16,0.309,18.44,0.564
2017-05-17,0.558,83.34,0.999
2017-05-18,0.491,-25.51,0.706
2017-05-19,0.444,62.32,0.534
2017-05-20,0.423,20.45,0.859
2017-05-21,0.38,-35.75,0.814
2017-05-22,0.402,6.38,0.633
2017-05-23,0.501,79.55,0.437
2017-05-24,0.312,-71.66,0.615
2017-05-25,0.329,-35.69,0.726
2017-05-26,0.421,-59.74,0.488
2017-05-27,0.489,-52.71,0.477
2017-05-28,0.389,-18.25,0.723
2017-05-29,0.38,-26.4,0.751
2017-05-30,0.288,70.37,0.841
2017-05-31,0.38,-73.56,0.359
2017-06-01,0.392,15.36,0.58
2017-06-02,0.363,33.28,0.414
2017-06-03,0.309,1.58,0.916
2017-06-04,0.486,10.33,0.828
2017-06-05,0.667,-30.84,0.854
2017-06-06,0.441,-6.69,0.958
2017-06-07,0.37,-26.62,0.31
2017-06-08,0.255,88.52,0.316
2017-06-09,0.366,106.94,0.951
2017-06-10,0.433,7.75,0.913
2017-06-11,0.387,63.51,0.626
2017-06-12,0.251,-13.18,0.436
2017-06-13,0.16,71.41,0.279
2017-06-14,0.398,-21.25,0.901
2017-06-15,0.427,59.36,0.801
2017-06-16,0.49,85.7,0.771
2017-06-17,0.467,15.43,0.863
2017-06-18,0.384,80.16,0.843
2017-06-19,0.313,28.24,0.562
2017-06-20,0.385,43.91,0.641
2017-06-21,0.483,-69.25,0.305
2017-06-22,0.506,-62.09,0.427
2017-06-23,0.392,-64.02,0.888
2017-06-24,0.361,13.13,0.608
2017-06-25,0.562,63.52,0.93
2017-06-26,0.399,-64.11,0.715
2017-06-27,0.348,19.9,0.5
2017-06-28,0.421,-31.0,0.59
2017-06-29,0.49,4.76,0.312
2017-06-30,0.205,10.02,0.891
2017-07-01,0.486,-78.64,0.893
2017-07-02,0.315,39.21,0.489
2017-07-03,0.369,108.08,0.357
2017-07-04,0.335,-78.0,0.947
2017-07-05,0.412,90.37,0.75
2017-07-06,0.427,-34.65,0.881
2017-07-07,0.3,6.03,0.472
2017-07-08,0.394,-78.0,0.639
2017-07-09,0.405,104.21,0.645
2017-07-10,0.404,-39.71,0.939
2017-07-11,0.474,-14.09,0.421
2017-07-12,0.475,-67.44,0.224
2017-07-13,0.352,-24.88,0.334
2017-07-14,0.343,109.63,0.457
2017-07-15,0.388,76.76,0.848
2017-07-16,0.436,100.56,0.391
2017-07-17,0.315,92.54,0.847
2017-07-18,0.397,72.1,0.353
2017-07-19,0.457,66.83,0.766
2017-07-20,0.317,98.66,0.202
2017-07-21,0.404,71.24,0.915
2017-07-22,0.334,107.47,0.703
2017-07-23,0.436,71.8,0.447
2017-07-24,0.397,67.56,0.904
2017-07-25,0.445,97.34,0.952
2017-07-26,0.343,116.09,0.967
2017-07-27,0.468,41.33,0.301
2017-07-28,0.435,-5.48,0.586
2017-07-29,0.229,6.14,0.538
2017-07-30,0.313,13.48,0.591
2017-07-31,0.357,50.97,0.205
2017-08-01,0.218,-6.35,0.434
2017-08-02,0.397,-64.71,0.812
2017-08-03,0.479,50.62,0.755
2017-08-04,0.372,-43.48,0.924
2017-08-05,0.55,-0.1,0.75
2017-08-06,0.442,-36.68,0.538
2017-08-07,0.37,59.51,0.918
2017-08-08,0.41,97.89,0.379
2017-08-09,0.315,-51.2,0.947
2017-08-10,0.351,-18.36,0.527
2017-08-11,0.447,-3.71,0.926
2017-08-12,0.363,46.5,0.606
2017-08-13,0.457,-60.73,0.343
2017-08-14,0.344,64.01,0.51
2017-08-15,0.43,-72.54,0.458
2017-08-16,0.318,-16.76,0.712
2017-08-17,0.394,12.51,0.527
2017-08-18,0.308,-29.43,0.227
2017-08-19,0.386,118.84,0.863
2017-08-20,0.353,115.68,0.271
2017-08-21,0.262,-16.1,0.274
2017-08-22,0.307,38.11,0.835
2017-08-23,0.397,27.92,0.388
2017-08-24,0.254,12.02,0.226
2017-08-25,0.23,42.85,0.524
2017-08-26,0.353,-78.26,0.629
2017-08-27,0.353,73.22,0.413
2017-08-28,0.362,106.79,0.983
2017-08-29,0.411,-70.1,0.37
2017-08-30,0.513,-48.49,0.712
2017-08-31,0.414,-39.03,0.627
2017-09-01,0.435,-64.27,0.824
2017-09-02,0.403,-24.9,0.982
2017-09-03,0.167,-71.21,0.813
2017-09-04,0.459,69.29,0.428
2017-09-05,0.522,95.0,0.214
2017-09-06,0.506,83.0,0.721
2017-09-07,0.37,75.5,0.644
2017-09-08,0.433,-1.32,0.614
2017-09-09,0.458,-45.31,0.687
2017-09-10,0.484,17.92,0.62
2017-09-11,0.437,50.51,0.266
2017-09-12,0.405,-63.97,0.821
2017-09-13,0.442,-78.74,0.948
2017-09-14,0.453,58.0,0.946
2017-09-15,0.431,-76.15,0.601
2017-09-16,0.363,-53.7,0.218
2017-09-17,0.365,76.45,0.5
2017-09-18,0.383,83.86,0.386
2017-09-19,0.405,57.23,0.828
2017-09-20,0.344,2.81,0.274
2017-09-21,0.418,41.66,0.371
2017-09-22,0.384,-64.32,0.558
2017-09-23,0.405,3.94,0.999
2017-09-24,0.437,-25.51,0.48
2017-09-25,0.459,5.43,0.702
2017-09-26,0.436,44.6,0.572
2017-09-27,0.291,-22.01,0.335
2017-09-28,0.318,90.47,0.682
2017-09-29,0.352,58.12,0.315
2017-09-30,0.327,98.58,0.852
2017-10-01,0.368,-77.36,0.56
2017-10-02,0.4,14.55,0.796
2017-10-03,0.465,-62.94,0.504
2017-10-04,0.429,1.02,0.317
2017-10-05,0.549,54.5,0.658
2017-10-06,0.479,53.26,0.907
2017-10-07,0.288,-63.22,0.838
2017-10-08,0.401,-43.99,0.875
2017-10-09,0.362,-75.26,0.264
2017-10-10,0.364,-37.56,0.823
2017-10-11,0.373,-49.93,0.638
2017-10-12,0.323,-53.93,0.83
2017-10-13,0.425,73.52,0.236
2017-10-14,0.434,80.94,0.479
2017-10-15,0.452,-23.5,0.646
2017-10-16,0.386,18.58,0.655
2017-10-17,0.296,59.14,0.319
2017-10-18,0.391,10.5,0.313
2017-10-19,0.549,-75.33,0.33
2017-10-20,0.351,94.82,0.892
2017-10-21,0.228,-40.5,0.239
2017-10-22,0.296,-15.78,0.92
2017-10-23,0.226,-31.03,0.307
2017-10-24,0.237,25.99,0.769
2017-10-25,0.393,49.58,0.813
2017-10-26,0.313,-45.37,0.791
2017-10-27,0.461,115.55,0.938
2017-10-28,0.438,99.51,0.424
2017-10-29,0.285,-71.93,0.405
2017-10-30,0.387,-21.1,0.463
2017-10-31,0.403,98.1,0.413
2017-11-01,0.404,54.76,0.633
2017-11-02,0.337,47.29,0.788
2017-11-03,0.543,76.74,0.368
2017-11-04,0.252,51.27,0.345
2017-11-05,0.377,103.0,0.687
2017-11-06,0.414,32.17,0.785
2017-11-07,0.448,63.77,0.271
2017-11-08,0.558,45.48,0.945
2017-11-09,0.465,-76.63,0.328
2017-11-10,0.448,56.79,0.594
2017-11-11,0.369,-78.95,0.59
2017-11-12,0.257,60.32,0.569
2017-11-13,0.395,9.86,0.563
2017-11-14,0.458,35.49,0.335
2017-11-15,0.318,53.19,0.764
2017-11-16,0.482,92.56,0.433
2017-11-17,0.404,119.39,0.736
2017-11-18,0.511,40.23,0.543
2017-11-19,0.387,78.58,0.397
2017-11-20,0.331,-67.9,0.349
2017-11-21,0.461,32.27,0.608
2017-11-22,0.421,33.85,0.855
2017-11-23,0.392,117.05,0.63
2017-11-24,0.303,0.17,0.649
2017-11-25,0.41,64.02,0.631
2017-11-26,0.394,-45.23,0.469
2017-11-27,0.425,66.33,0.307
2017-11-28,0.518,-28.22,0.918
2017-11-29,0.348,-56.79,0.707
2017-11-30,0.306,-68.72,0.37
2017-12-01,0.396,80.75,0.875
2017-12-02,0.493,50.5,0.275
2017-12-03,0.438,44.35,0.588
2017-12-04,0.356,70.17,0.747
2017-12-05,0.356,105.09,0.693
2017-12-06,0.432,70.42,0.293
2017-12-07,0.41,-26.7,0.952
2017-12-08,0.359,54.98,0.253
2017-12-09,0.399,49.6,0.624
2017-12-10,0.518,-30.98,0.396
2017-12-11,0.384,22.62,0.213
2017-12-12,0.339,40.97,0.251
2017-12-13,0.277,55.67,0.452
2017-12-14,0.363,81.88,0.267
2017-12-15,0.437,-32.22,0.474
2017-12-16,0.369,56.41,0.308
2017-12-17,0.492,113.44,0.695
2017-12-18,0.337,79.72,0.68
2017-12-19,0.316,93.66,0.502
2017-12-20,0.322,113.96,0.753
2017-12-21,0.394,23.72,0.948
2017-12-22,0.385,82.9,0.833
2017-12-23,0.459,-20.91,0.65
2017-12-24,0.309,33.74,0.236
2017-12-25,0.484,61.1,0.627
2017-12-26,0.221,6.67,0.657
2017-12-27,0.359,71.82,0.583
2017-12-28,0.414,108.02,0.918
2017-12-29,0.397,117.24,0.68
2017-12-30,0.447,-13.35,0.781
2017-12-31,0.405,116.76,0.648
2018-01-01,0.404,-45.26,0.248
2018-01-02,0.434,60.93,0.794
2018-01-03,0.472,3.12,0.265
2018-01-04,0.413,112.73,0.502
2018-01-05,0.552,20.84,0.432
2018-01-06,0.474,81.24,0.803
2018-01-07,0.437,112.44,0.496
2018-01-08,0.581,-79.25,0.57
2018-01-09,0.387,68.1,0.944
2018-01-10,0.442,8.43,0.886
2018-01-11,0.402,84.06,0.718
2018-01-12,0.313,-11.02,0.217
2018-01-13,0.388,74.9,0.881
2018-01-14,0.456,113.9,0.819
2018-01-15,0.401,84.63,0.828
2018-01-16,0.387,-21.61,0.22
2018-01-17,0.275,-48.07,0.785
2018-01-18,0.403,19.34,0.754
2018-01-19,0.403,-22.62,0.543
2018-01-20,0.327,66.2,0.755
2018-01-21,0.383,75.46,0.946
2018-01-22,0.353,112.22,0.698
2018-01-23,0.449,-23.78,0.894
2018-01-24,0.433,42.92,0.874
2018-01-25,0.462,51.06,0.726
2018-01-26,0.508,-47.44,0.637
2018-01-27,0.527,-36.78,0.365
2018-01-28,0.488,74.48,0.622
2018-01-29,0.394,-56.31,0.64
2018-01-30,0.437,-26.55,0.633
2018-01-31,0.485,-42.06,0.509
2018-02-01,0.393,43.72,0.53
2018-02-02,0.344,85.99,0.368
2018-02-03,0.44,54.15,0.878
2018-02-04,0.348,-23.47,0.497
2018-02-05,0.37,79.8,0.499
2018-02-06,0.432,79.74,0.224
2018-02-07,0.41,68.0,0.361
2018-02-08,0.343,-56.46,0.287
2018-02-09,0.369,17.55,0.223
2018-02-10,0.392,78.7,0.703
2018-02-11,0.405,-25.04,0.22
2018-02-12,0.392,30.34,0.702
2018-02-13,0.515,-41.8,0.572
2018-02-14,0.27,91.26,0.959
2018-02-15,0.394,98.6,0.521
2018-02-16,0.498,119.34,0.589
2018-02-17,0.193,-65.2,0.674
2018-02-18,0.406,52.57,0.984
2018-02-19,0.386,-23.08,0.542
2018-02-20,0.435,-54.47,0.409
2018-02-21,0.327,-78.17,0.557
2018-02-22,0.4,-14.04,0.664
2018-02-23,0.359,71.68,0.938
2018-02-24,0.434,-29.05,0.603
2018-02-25,0.339,-7.34,0.96
2018-02-26,0.378,-3.51,0.753
2018-02-27,0.475,10.48,0.449
2018-02-28,0.301,-70.46,0.631
2018-03-01,0.376,-72.03,0.393
2018-03-02,0.422,79.78,0.528
2018-03-03,0.298,-46.6,0.335
2018-03-04,0.362,-11.82,0.938
2018-03-05,0.466,88.58,0.832
2018-03-06,0.31,-18.46,0.611
2018-03-07,0.387,-14.68,0.981
2018-03-08,0.39,-66.99,0.236
2018-03-09,0.464,84.89,0.794
2018-03-10,0.399,63.67,0.702
2018-03-11,0.603,-3.24,0.484
2018-03-12,0.566,98.36,0.364
2018-03-13,0.282,-58.52,0.721
2018-03-14,0.429,111.13,0.99
2018-03-15,0.248,9.73,0.581
2018-03-16,0.443,103.37,0.626
2018-03-17,0.448,117.15,0.678
2018-03-18,0.361,93.86,0.302
2018-03-19,0.423,-53.26,0.629
2018-03-20,0.306,40.64,0.301
2018-03-21,0.444,47.87,0.47
2018-03-22,0.423,-73.72,0.344
2018-03-23,0.407,55.88,0.593
2018-03-24,0.39,-3.85,0.968
2018-03-25,0.433,103.23,0.357
2018-03-26,0.557,7.84,0.761
2018-03-27,0.356,23.13,0.503
2018-03-28,0.429,19.66,0.57
2018-03-29,0.439,-9.69,0.771
2018-03-30,0.398,58.33,0.557
2018-03-31,0.366,9.65,0.932
2018-04-01,0.436,-57.21,0.574
2018-04-02,0.263,-22.26,0.383
2018-04-03,0.523,45.35,0.277
2018-04-04,0.442,-12.82,0.423
2018-04-05,0.466,-42.84,0.273
2018-04-06,0.393,104.91,0.884
2018-04-07,0.488,41.23,0.376
2018-04-08,0.474,103.07,0.732
2018-04-09,0.498,89.76,0.607
2018-04-10,0.461,-75.91,0.773
2018-04-11,0.346,-73.59,0.402
2018-04-12,0.309,98.07,0.624
2018-04-13,0.264,89.2,0.482
2018-04-14,0.399,-43.73,0.326
2018-04-15,0.392,38.77,0.231
2018-04-16,0.361,74.22,0.212
2018-04-17,0.454,42.24,0.804
2018-04-18,0.318,-30.4,0.694
2018-04-19,0.586,3.29,0.776
2018-04-20,0.276,107.36,0.225
2018-04-21,0.456,-9.5,0.574
2018-04-22,0.49,90.68,0.714
2018-04-23,0.385,67.54,0.874
2018-04-24,0.321,91.91,0.234
2018-04-25,0.512,78.87,0.325
2018-04-26,0.315,-10.54,0.433
2018-04-27,0.544,-38.03,0.607
2018-04-28,0.431,0.94,0.614
2018-04-29,0.4,78.58,0.873
2018-04-30,0.46,-50.75,0.452
2018-05-01,0.403,56.38,0.414
2018-05-02,0.411,-36.5,0.22
2018-05-03,0.44,49.11,0.78
2018-05-04,0.451,-23.77,0.653
2018-05-05,0.265,80.57,0.358
2018-05-06,0.371,74.74,0.909
2018-05-07,0.317,-53.8,0.227
2018-05-08,0.448,70.41,0.631
2018-05-09,0.384,8.63,0.549
2018-05-10,0.449,-13.69,0.702
2018-05-11,0.464,-61.83,0.946
2018-05-12,0.407,98.94,0.311
2018-05-13,0.372,-1.21,0.692
2018-05-14,0.418,-60.21,0.245
2018-05-15,0.472,41.6,0.79
2018-05-16,0.512,-44.55,0.608
2018-05-17,0.329,29.32,0.451
2018-05-18,0.427,107.53,0.7
2018-05-19,0.41,39.5,0.561
2018-05-20,0.409,36.56,0.858
2018-05-21,0.579,90.45,0.272
2018-05-22,0.36,54.17,0.841
2018-05-23,0.373,85.07,0.939
2018-05-24,0.388,9.0,0.975
2018-05-25,0.287,-35.0,0.655
2018-05-26,0.433,80.89,0.54
2018-05-27,0.396,78.58,0.357
2018-05-28,0.459,22.91,0.673
2018-05-29,0.52,-74.6,0.86
2018-05-30,0.366,22.98,0.802
2018-05-31,0.377,103.28,0.374
2018-06-01,0.375,5.46,0.224
2018-06-02,0.342,1.29,0.216
2018-06-03,0.292,115.14,0.864
2018-06-04,0.356,-53.9,0.539
2018-06-05,0.338,92.66,0.564
2018-06-06,0.36,99.29,0.976
2018-06-07,0.481,30.42,0.968
2018-06-08,0.375,-37.22,0.426
2018-06-09,0.435,-15.0,0.342
2018-06-10,0.472,-42.88,0.667
2018-06-11,0.231,44.04,0.616
2018-06-12,0.219,100.64,0.571
2018-06-13,0.523,1.43,0.217
2018-06-14,0.247,-53.62,0.494
2018-06-15,0.477,5.45,0.52
2018-06-16,0.371,-23.53,0.682
2018-06-17,0.403,-79.76,0.22
2018-06-18,0.541,33.16,0.355
2018-06-19,0.383,55.35,0.508
2018-06-20,0.386,90.22,0.526
2018-06-21,0.441,-72.12,0.604
2018-06-22,0.393,-62.04,0.732
2018-06-23,0.324,82.62,0.545
2018-06-24,0.357,-41.3,0.943
2018-06-25,0.336,80.99,0.555
2018-06-26,0.254,-30.49,0.513
2018-06-27,0.281,-27.69,0.812
2018-06-28,0.39,-42.65,0.562
2018-06-29,0.361,75.72,0.821
2018-06-30,0.317,-23.49,0.38
2018-07-01,0.398,38.77,0.872
2018-07-02,0.35,-36.01,0.257
2018-07-03,0.437,-45.47,0.357
2018-07-04,0.453,107.55,0.498
2018-07-05,0.284,-31.08,0.71
2018-07-06,0.426,5.76,0.484
2018-07-07,0.351,52.07,0.723
2018-07-08,0.171,93.33,0.924
2018-07-09,0.233,-66.27,0.955
2018-07-10,0.508,6.38,0.372
2018-07-11,0.458,66.1,0.484
2018-07-12,0.462,-68.91,0.718
2018-07-13,0.318,-3.51,0.774
2018-07-14,0.455,77.47,0.374
2018-07-15,0.364,111.26,0.427
2018-07-16,0.439,1.82,0.791
2018-07-17,0.402,-56.48,0.292
2018-07-18,0.355,-29.27,0.365
2018-07-19,0.223,62.64,0.566
2018-07-20,0.31,54.58,0.514
2018-07-21,0.279,-53.5,0.448
2018-07-22,0.47,-35.48,0.308
2018-07-23,0.313,109.91,0.634
2018-07-24,0.218,-48.29,0.517
2018-07-25,0.487,117.18,0.745
2018-07-26,0.419,-50.19,0.955
2018-07-27,0.525,86.93,0.738
2018-07-28,0.395,-39.62,0.64
2018-07-29,0.402,-68.19,0.906
2018-07-30,0.315,90.2,0.325
2018-07-31,0.469,21.11,0.407
2018-08-01,0.36,-19.18,0.314
2018-08-02,0.389,49.67,0.346
2018-08-03,0.491,14.09,0.984
2018-08-04,0.372,89.4,0.995
2018-08-05,0.357,8.3,0.518
2018-08-06,0.395,81.07,0.875
2018-08-07,0.227,51.98,0.943
2018-08-08,0.511,-49.75,0.823
2018-08-09,0.517,114.86,0.212
2018-08-10,0.337,73.79,0.214
2018-08-11,0.422,83.55,0.922
2018-08-12,0.508,14.65,0.585
2018-08-13,0.252,73.96,0.286
2018-08-14,0.311,33.48,0.215
2018-08-15,0.387,-7.44,0.843
2018-08-16,0.3,75.5,0.302
2018-08-17,0.315,-19.3,0.746
2018-08-18,0.327,89.52,0.267
2018-08-19,0.385,103.26,0.426
2018-08-20,0.412,64.18,0.254
2018-08-21,0.519,81.91,0.255
2018-08-22,0.299,-6.78,0.935
2018-08-23,0.31,96.72,0.306
2018-08-24,0.514,58.7,0.353
2018-08-25,0.374,-16.58,0.875
2018-08-26,0.434,14.69,0.73
2018-08-27,0.555,-76.4,0.7
2018-08-28,0.439,24.25,0.351
2018-08-29,0.345,14.6,0.894
2018-08-30,0.353,94.97,0.421
2018-08-31,0.494,50.92,0.282
2018-09-01,0.338,-16.29,0.945
2018-09-02,0.397,87.84,0.388
2018-09-03,0.456,27.94,0.222
2018-09-04,0.468,23.56,0.851
2018-09-05,0.342,64.04,0.354
2018-09-06,0.409,51.8,0.666
2018-09-07,0.553,53.66,0.258
2018-09-08,0.368,12.6,0.595
2018-09-09,0.448,9.69,0.535
2018-09-10,0.242,-17.26,0.573
2018-09-11,0.491,96.41,0.285
2018-09-12,0.423,-21.12,0.91
2018-09-13,0.461,53.75,0.941
2018-09-14,0.495,-32.62,0.455
2018-09-15,0.408,-59.61,0.572
2018-09-16,0.275,-71.18,0.441
2018-09-17,0.267,58.81,0.358
2018-09-18,0.417,75.34,0.806
2018-09-19,0.423,-38.33,0.639
2018-09-20,0.414,117.74,0.87
2018-09-21,0.386,-20.59,0.745
2018-09-22,0.448,-5.25,0.687
2018-09-23,0.306,102.89,0.945
2018-09-24,0.375,17.81,0.755
2018-09-25,0.422,54.54,0.756
2018-09-26,0.379,54.55,0.465
2018-09-27,0.412,37.09,0.895
2018-09-28,0.382,64.74,0.286
2018-09-29,0.343,51.87,0.465
2018-09-30,0.317,-13.63,0.759
2018-10-01,0.438,-75.72,0.86
2018-10-02,0.4,79.68,0.972
2018-10-03,0.371,71.22,0.933
2018-10-04,0.335,-37.22,0.857
2018-10-05,0.448,-11.84,0.777
2018-10-06,0.396,77.95,0.592
2018-10-07,0.454,3.62,0.631
2018-10-08,0.463,70.15,0.562
2018-10-09,0.406,-49.7,0.495
2018-10-10,0.413,50.56,0.849
2018-10-11,0.232,-33.0,0.351
2018-10-12,0.417,11.7,0.646
2018-10-13,0.385,12.33,0.204
2018-10-14,0.439,38.96,0.562
2018-10-15,0.312,-59.3,0.263
2018-10-16,0.413,36.59,0.52
2018-10-17,0.464,0.04,0.428
2018-10-18,0.486,-7.1,0.562
2018-10-19,0.405,108.89,0.359
2018-10-20,0.3,65.49,0.459
2018-10-21,0.443,-57.32,0.262
2018-10-22,0.432,-74.63,0.783
2018-10-23,0.414,110.76,0.273
2018-10-24,0.36,88.79,0.776
2018-10-25,0.526,103.43,0.612
2018-10-26,0.446,92.2,0.5
2018-10-27,0.338,13.84,0.225
2018-10-28,0.468,50.98,0.965
2018-10-29,0.359,-16.8,0.879
2018-10-30,0.392,5.14,0.327
2018-10-31,0.439,30.61,0.641
2018-11-01,0.221,73.16,0.49
2018-11-02,0.354,-21.09,0.429
2018-11-03,0.319,32.88,0.757
2018-11-04,0.292,14.34,0.858
2018-11-05,0.34,17.36,0.923
2018-11-06,0.303,111.67,0.527
2018-11-07,0.415,88.08,0.391
2018-11-08,0.457,-60.25,0.276
2018-11-09,0.325,-6.63,0.208
2018-11-10,0.322,80.49,0.707
2018-11-11,0.476,112.47,0.233
2018-11-12,0.383,81.16,0.336
2018-11-13,0.373,33.65,0.788
2018-11-14,0.478,107.73,0.729
2018-11-15,0.35,104.74,0.685
2018-11-16,0.429,96.73,0.774
2018-11-17,0.44,-69.53,0.203
2018-11-18,0.424,82.02,0.557
2018-11-19,0.485,-33.69,0.738
2018-11-20,0.47,95.87,0.2
2018-11-21,0.385,5.2,0.365
2018-11-22,0.464,4.04,0.858
2018-11-23,0.425,35.9,0.743
2018-11-24,0.304,4.47,0.942
2018-11-25,0.327,42.58,0.948
2018-11-26,0.471,61.89,0.888
2018-11-27,0.298,-28.48,0.881
2018-11-28,0.436,109.22,0.727
2018-11-29,0.498,-73.74,0.315
2018-11-30,0.542,-52.51,0.806
2018-12-01,0.349,-27.44,0.457
2018-12-02,0.272,87.79,0.875
2018-12-03,0.351,116.79,0.556
2018-12-04,0.234,25.74,0.609
2018-12-05,0.404,-10.52,0.42
2018-12-06,0.505,102.67,0.941
2018-12-07,0.379,77.27,0.763
2018-12-08,0.408,10.76,0.547
2018-12-09,0.379,84.2,0.988
2018-12-10,0.252,-34.37,0.787
2018-12-11,0.34,96.46,0.398
2018-12-12,0.477,67.6,0.401
2018-12-13,0.375,76.65,0.937
2018-12-14,0.22,86.77,0.993
2018-12-15,0.395,-29.19,0.279
2018-12-16,0.34,-46.52,0.445
2018-12-17,0.477,-44.56,0.997
2018-12-18,0.321,33.0,0.376
2018-12-19,0.454,113.38,0.218
2018-12-20,0.431,61.85,0.456
2018-12-21,0.301,-14.65,0.45
2018-12-22,0.431,21.03,0.703
2018-12-23,0.475,35.5,0.616
2018-12-24,0.389,-49.3,0.666
2018-12-25,0.232,111.53,0.984
2018-12-26,0.55,95.47,0.95
2018-12-27,0.385,-74.22,0.9
2018-12-28,0.354,63.19,0.402
2018-12-29,0.486,43.59,0.645
2018-12-30,0.386,48.41,0.779
2018-12-31,0.45,77.21,0.93
2019-01-01,0.402,119.26,0.316
2019-01-02,0.363,72.38,0.559
2019-01-03,0.367,74.31,0.739
2019-01-04,0.408,81.54,0.537
2019-01-05,0.373,98.94,0.615
2019-01-06,0.48,109.31,0.455
2019-01-07,0.432,86.46,0.667
2019-01-08,0.261,66.12,0.264
2019-01-09,0.243,-76.79,0.553
2019-01-10,0.438,-67.58,0.465
2019-01-11,0.313,-54.12,0.526
2019-01-12,0.302,-78.49,0.249
2019-01-13,0.525,-78.65,0.744
2019-01-14,0.455,67.86,0.834
2019-01-15,0.472,-79.98,0.945
2019-01-16,0.347,111.54,0.479
2019-01-17,0.286,-3.9,0.529
2019-01-18,0.352,-30.64,0.756
2019-01-19,0.333,-46.67,0.301
2019-01-20,0.468,77.14,0.478
2019-01-21,0.365,-70.74,0.979
2019-01-22,0.362,-76.71,0.464
2019-01-23,0.309,31.46,0.589
2019-01-24,0.48,18.8,0.746
2019-01-25,0.453,-15.23,0.373
2019-01-26,0.349,91.37,0.564
2019-01-27,0.304,87.75,0.382
2019-01-28,0.268,59.96,0.227
2019-01-29,0.437,58.22,0.898
2019-01-30,0.513,90.11,0.51
2019-01-31,0.33,1.97,0.603
2019-02-01,0.448,-13.81,0.301
2019-02-02,0.238,41.72,0.943
2019-02-03,0.476,119.13,0.547
2019-02-04,0.27,-30.32,0.201
2019-02-05,0.5,79.83,0.557
2019-02-06,0.39,110.36,0.243
2019-02-07,0.353,-55.91,0.884
2019-02-08,0.199,-15.57,0.722
2019-02-09,0.45,35.85,0.335
2019-02-10,0.434,-64.71,0.23
2019-02-11,0.487,110.71,0.623
2019-02-12,0.369,-26.68,0.61
2019-02-13,0.424,75.73,0.752
2019-02-14,0.385,68.14,0.572
2019-02-15,0.324,91.47,0.782
2019-02-16,0.316,66.16,0.656
2019-02-17,0.404,86.27,0.556
2019-02-18,0.382,-49.62,0.903
2019-02-19,0.456,-60.45,0.695
2019-02-20,0.474,118.83,0.448
2019-02-21,0.411,75.73,0.207
2019-02-22,0.372,-50.82,0.926
2019-02-23,0.265,-30.04,0.636
2019-02-24,0.274,57.87,0.822
2019-02-25,0.381,35.05,0.237
2019-02-26,0.436,9.95,0.326
2019-02-27,0.303,-9.18,0.739
2019-02-28,0.362,-0.05,0.58
2019-03-01,0.461,109.58,0.602
2019-03-02,0.365,-74.46,0.8
2019-03-03,0.352,81.47,0.353
2019-03-04,0.47,13.35,0.416
2019-03-05,0.399,82.63,0.315
2019-03-06,0.442,94.11,0.881
2019-03-07,0.447,79.61,0.825
2019-03-08,0.37,-63.26,0.846
2019-03-09,0.517,27.11,0.687
2019-03-10,0.473,84.14,0.882
2019-03-11,0.498,82.19,0.432
2019-03-12,0.474,8.8,0.678
2019-03-13,0.38,-50.25,0.96
2019-03-14,0.512,-8.41,0.623
2019-03-15,0.535,82.79,0.931
2019-03-16,0.529,57.45,0.7
2019-03-17,0.259,21.55,0.253
2019-03-18,0.268,16.19,0.655
2019-03-19,0.463,49.72,0.931
2019-03-20,0.471,-21.31,0.748
2019-03-21,0.342,-29.8,0.785
2019-03-22,0.469,85.56,0.701
2019-03-23,0.422,79.41,0.445
2019-03-24,0.435,37.98,0.64
2019-03-25,0.438,92.42,0.921
2019-03-26,0.398,-17.22,0.614
2019-03-27,0.556,-79.92,0.329
2019-03-28,0.517,47.24,0.551
2019-03-29,0.407,10.32,0.248
2019-03-30,0.311,-37.33,0.765
2019-03-31,0.382,-41.75,0.933
2019-04-01,0.412,-26.16,0.92
2019-04-02,0.298,-61.34,0.686
2019-04-03,0.389,-44.62,0.972
2019-04-04,0.257,-31.68,0.887
2019-04-05,0.347,111.64,0.573
2019-04-06,0.249,-62.14,0.402
2019-04-07,0.329,11.36,0.551
2019-04-08,0.294,118.07,0.47
2019-04-09,0.397,-54.94,0.724
2019-04-10,0.491,67.57,0.469
2019-04-11,0.256,-17.13,0.93
2019-04-12,0.461,-17.16,0.569
2019-04-13,0.285,94.05,0.925
2019-04-14,0.336,-13.7,0.371
2019-04-15,0.392,7.74,0.69
2019-04-16,0.389,-20.83,0.627
2019-04-17,0.44,0.25,0.257
2019-04-18,0.213,48.06,0.784
2019-04-19,0.483,-66.66,0.585
2019-04-20,0.511,33.66,0.716
2019-04-21,0.418,38.42,0.487
2019-04-22,0.614,77.73,0.366
2019-04-23,0.334,107.42,0.249
2019-04-24,0.254,75.27,0.787
2019-04-25,0.369,98.37,0.575
2019-04-26,0.378,-58.51,0.597
2019-04-27,0.441,-35.45,0.736
2019-04-28,0.568,84.67,0.447
2019-04-29,0.365,5.34,0.367
2019-04-30,0.388,-27.82,0.788
2019-05-01,0.492,46.85,0.905
2019-05-02,0.345,-28.56,0.312
2019-05-03,0.226,-58.81,0.73
2019-05-04,0.556,51.06,0.782
2019-05-05,0.337,60.4,0.348
2019-05-06,0.392,36.77,0.858
2019-05-07,0.504,26.45,0.399
2019-05-08,0.348,-15.15,0.285
2019-05-09,0.356,70.37,0.205
2019-05-10,0.373,-16.68,0.467
2019-05-11,0.281,86.35,0.917
2019-05-12,0.414,0.42,0.288
2019-05-13,0.346,10.07,0.943
2019-05-14,0.549,-58.6,0.493
2019-05-15,0.318,81.22,0.485
2019-05-16,0.258,76.1,0.48
2019-05-17,0.36,111.3,0.79
2019-05-18,0.32,-27.34,0.667
2019-05-19,0.269,87.21,0.626
2019-05-20,0.347,-19.28,0.6
2019-05-21,0.405,-12.33,0.816
2019-05-22,0.414,12.94,0.784
2019-05-23,0.484,-75.42,0.625
2019-05-24,0.255,-17.97,0.239
2019-05-25,0.292,46.18,0.644
2019-05-26,0.456,-28.72,0.554
2019-05-27,0.386,-61.82,0.624
2019-05-28,0.398,87.32,0.356
2019-05-29,0.445,11.87,0.649
2019-05-30,0.256,-60.35,0.787
2019-05-31,0.446,46.16,0.485
2019-06-01,0.416,-30.72,0.357
2019-06-02,0.498,78.0,0.542
2019-06-03,0.542,77.1,0.219
2019-06-04,0.346,10.09,0.723
2019-06-05,0.432,106.91,0.871
2019-06-06,0.412,60.14,0.711
2019-06-07,0.481,-13.48,0.471
2019-06-08,0.409,15.85,0.921
2019-06-09,0.411,58.63,0.819
2019-06-10,0.342,18.23,0.465
2019-06-11,0.27,-51.65,0.417
2019-06-12,0.274,-46.51,0.287
2019-06-13,0.511,-36.41,0.572
2019-06-14,0.266,-24.83,0.6
2019-06-15,0.379,-12.23,0.427
2019-06-16,0.345,3.49,0.889
2019-06-17,0.474,90.21,0.317
2019-06-18,0.327,-66.96,0.452
2019-06-19,0.37,50.96,0.568
2019-06-20,0.342,33.96,0.901
2019-06-21,0.376,47.66,0.982
2019-06-22,0.344,-43.68,0.508
2019-06-23,0.528,91.63,0.264
2019-06-24,0.193,39.66,0.873
2019-06-25,0.257,-36.44,0.797
2019-06-26,0.421,54.92,0.834
2019-06-27,0.409,-61.73,0.481
2019-06-28,0.44,-77.97,0.935
2019-06-29,0.361,40.39,0.588
2019-06-30,0.401,-2.64,0.231
2019-07-01,0.289,17.71,0.515
2019-07-02,0.358,32.07,0.466
2019-07-03,0.494,-46.34,0.958
2019-07-04,0.331,71.13,0.701
2019-07-05,0.496,55.49,0.79
2019-07-06,0.369,-6.41,0.825
2019-07-07,0.428,39.3,0.996
2019-07-08,0.39,26.41,0.299
2019-07-09,0.397,-32.57,0.292
2019-07-10,0.505,-2.83,0.538
2019-07-11,0.386,-13.98,0.864
2019-07-12,0.31,-18.98,0.377
2019-07-13,0.4,-46.11,0.883
2019-07-14,0.383,-31.53,0.767
2019-07-15,0.294,-6.0,0.748
2019-07-16,0.356,40.16,0.241
2019-07-17,0.411,19.24,0.97
2019-07-18,0.449,112.59,0.516
2019-07-19,0.381,20.47,0.759
2019-07-20,0.286,-44.41,0.436
2019-07-21,0.357,-6.43,0.231
2019-07-22,0.312,61.29,0.436
2019-07-23,0.269,-46.29,0.411
2019-07-24,0.331,-37.74,0.966
2019-07-25,0.52,58.56,0.968
2019-07-26,0.34,24.3,0.377
2019-07-27,0.308,7.05,0.728
2019-07-28,0.462,-0.98,0.871
2019-07-29,0.256,-69.55,0.881
2019-07-30,0.374,-37.2,0.581
2019-07-31,0.521,61.69,0.951
2019-08-01,0.292,-42.27,0.45
2019-08-02,0.437,95.75,0.962
2019-08-03,0.352,82.72,0.649
2019-08-04,0.545,-4.24,0.65
2019-08-05,0.39,7.48,0.37
2019-08-06,0.482,-37.54,0.937
2019-08-07,0.156,41.12,0.379
2019-08-08,0.338,85.89,0.831
2019-08-09,0.392,95.46,0.797
2019-08-10,0.304,67.42,0.926
2019-08-11,0.358,42.4,0.75
2019-08-12,0.346,-71.59,0.989
2019-08-13,0.388,109.2,0.388
2019-08-14,0.424,-4.74,0.799
2019-08-15,0.398,-9.21,0.288
2019-08-16,0.295,-23.79,0.371
2019-08-17,0.403,81.16,0.986
2019-08-18,0.244,-18.52,0.735
2019-08-19,0.383,56.73,0.648
2019-08-20,0.413,72.1,0.822
2019-08-21,0.362,-16.95,0.912
2019-08-22,0.413,37.34,0.531
2019-08-23,0.4,34.69,0.619
2019-08-24,0.5,-49.42,0.981
2019-08-25,0.387,-4.28,0.453
2019-08-26,0.353,108.19,0.768
2019-08-27,0.307,-54.39,0.909
2019-08-28,0.288,112.98,0.2
2019-08-29,0.312,29.97,0.247
2019-08-30,0.395,13.22,0.228
2019-08-31,0.398,102.23,0.762
2019-09-01,0.241,69.16,0.624
2019-09-02,0.406,-72.47,1.0
2019-09-03,0.275,-11.68,0.413
2019-09-04,0.34,-49.79,0.629
2019-09-05,0.478,103.38,0.301
2019-09-06,0.405,37.55,0.411
2019-09-07,0.373,21.27,0.932
2019-09-08,0.433,43.23,0.495
2019-09-09,0.282,59.31,0.352
2019-09-10,0.361,111.5,0.938
2019-09-11,0.396,57.41,0.523
2019-09-12,0.47,27.64,0.23
2019-09-13,0.373,-79.35,0.591
2019-09-14,0.319,77.29,0.553
2019-09-15,0.384,78.88,0.502
2019-09-16,0.353,-14.05,0.568
2019-09-17,0.431,-78.3,0.483
2019-09-18,0.351,7.2,0.504
2019-09-19,0.381,-16.66,0.26
2019-09-20,0.431,43.89,0.635
2019-09-21,0.407,42.44,0.402
2019-09-22,0.447,-38.51,0.667
2019-09-23,0.285,67.58,0.261
2019-09-24,0.396,34.22,0.479
2019-09-25,0.385,-68.01,0.204
2019-09-26,0.486,19.43,0.268
2019-09-27,0.348,28.2,0.817
2019-09-28,0.37,36.49,0.933
2019-09-29,0.484,88.53,0.699
2019-09-30,0.368,37.13,0.671
2019-10-01,0.498,44.97,0.614
2019-10-02,0.418,105.02,0.366
2019-10-03,0.404,-64.5,0.548
2019-10-04,0.408,13.78,0.863
2019-10-05,0.315,65.82,0.457
2019-10-06,0.423,82.01,0.362
2019-10-07,0.408,48.23,0.659
2019-10-08,0.218,73.74,0.903
2019-10-09,0.3,52.55,0.52
2019-10-10,0.371,61.2,0.666
2019-10-11,0.53,10.03,0.342
2019-10-12,0.333,86.23,0.975
2019-10-13,0.494,-48.43,0.851
2019-10-14,0.486,-22.91,0.441
2019-10-15,0.383,7.85,0.948
2019-10-16,0.333,60.07,0.957
2019-10-17,0.348,-51.81,0.443
2019-10-18,0.291,-50.38,0.487
2019-10-19,0.419,-30.86,0.477
2019-10-20,0.385,84.92,0.672
2019-10-21,0.336,10.15,0.285
2019-10-22,0.475,91.86,0.436
2019-10-23,0.416,44.31,0.788
2019-10-24,0.462,-22.1,0.798
2019-10-25,0.377,-33.37,0.757
2019-10-26,0.453,69.25,0.496
2019-10-27,0.374,-63.72,0.608
2019-10-28,0.407,-13.94,0.674
2019-10-29,0.341,-40.27,0.978
2019-10-30,0.31,36.87,0.692
2019-10-31,0.312,75.2,0.848
2019-11-01,0.599,-47.17,0.662
2019-11-02,0.416,49.7,0.541
2019-11-03,0.339,-54.24,0.946
2019-11-04,0.355,21.98,0.327
2019-11-05,0.385,53.97,0.733
2019-11-06,0.407,-68.81,0.795
2019-11-07,0.339,-56.79,0.922
2019-11-08,0.248,80.59,0.555
2019-11-09,0.249,100.23,0.989
2019-11-10,0.426,-47.67,0.881
2019-11-11,0.375,25.88,0.648
2019-11-12,0.418,-17.16,0.513
2019-11-13,0.409,69.14,0.489
2019-11-14,0.421,91.96,0.753
2019-11-15,0.366,15.96,0.86
2019-11-16,0.366,-64.44,0.344
2019-11-17,0.289,-66.5,0.401
2019-11-18,0.336,24.13,0.489
2019-11-19,0.431,-79.32,0.59
2019-11-20,0.41,94.06,0.444
2019-11-21,0.365,-52.41,0.457
2019-11-22,0.284,24.84,0.253
2019-11-23,0.382,22.57,0.438
2019-11-24,0.449,46.97,0.205
2019-11-25,0.407,16.26,0.266
2019-11-26,0.138,-77.19,0.751
2019-11-27,0.389,-14.82,0.652
2019-11-28,0.416,-3.64,0.681
2019-11-29,0.408,30.16,0.94
2019-11-30,0.352,39.02,0.975
2019-12-01,0.516,27.8,0.879
2019-12-02,0.459,83.19,0.659
2019-12-03,0.353,-57.33,0.359
2019-12-04,0.535,107.37,0.961
2019-12-05,0.289,111.0,0.618
2019-12-06,0.447,52.31,0.81
2019-12-07,0.515,-71.55,0.396
2019-12-08,0.423,-56.03,0.607
2019-12-09,0.342,47.95,0.374
2019-12-10,0.408,55.56,0.478
2019-12-11,0.347,75.56,0.79
2019-12-12,0.263,105.71,0.674
2019-12-13,0.436,-66.55,0.43
2019-12-14,0.426,5.92,0.505
2019-12-15,0.386,-47.37,0.279
2019-12-16,0.461,-31.85,0.523
2019-12-17,0.324,-41.72,0.215
2019-12-18,0.393,38.85,0.978
2019-12-19,0.347,-32.65,0.458
2019-12-20,0.427,-65.62,0.876
2019-12-21,0.581,73.36,0.662
2019-12-22,0.373,-50.11,0.335
2019-12-23,0.372,-29.97,0.402
2019-12-24,0.34,83.88,0.877
2019-12-25,0.382,-78.52,0.368
2019-12-26,0.376,50.66,0.701
2019-12-27,0.369,-18.27,0.363
2019-12-28,0.334,-4.25,0.383
2019-12-29,0.274,107.51,0.488
2019-12-30,0.473,-16.82,0.209
2019-12-31,0.547,25.8,0.343
2020-01-01,0.315,100.14,0.695
2020-01-02,0.46,59.53,0.757
2020-01-03,0.298,-72.99,0.798
2020-01-04,0.27,-57.12,0.447
2020-01-05,0.385,-38.62,0.712
2020-01-06,0.464,7.52,0.715
2020-01-07,0.48,32.92,0.597
2020-01-08,0.294,118.3,0.855
2020-01-09,0.351,55.05,0.816
2020-01-10,0.434,6.73,0.239
2020-01-11,0.295,96.19,0.266
2020-01-12,0.466,49.1,0.63
2020-01-13,0.406,78.17,0.844
2020-01-14,0.373,74.86,0.501
2020-01-15,0.463,23.1,0.228
2020-01-16,0.312,33.83,0.53
2020-01-17,0.513,-25.63,0.846
2020-01-18,0.353,-53.79,0.226
2020-01-19,0.575,105.32,0.731
2020-01-20,0.404,56.64,0.687
2020-01-21,0.318,97.74,0.264
2020-01-22,0.488,40.31,0.83
2020-01-23,0.432,90.66,0.692
2020-01-24,0.418,-52.42,0.756
2020-01-25,0.417,92.7,0.214
2020-01-26,0.357,-14.62,0.914
2020-01-27,0.321,-79.46,0.796
2020-01-28,0.399,44.83,0.638
2020-01-29,0.363,15.63,0.255
2020-01-30,0.455,93.89,0.975
2020-01-31,0.348,-79.99,0.241
2020-02-01,0.35,28.86,0.598
2020-02-02,0.311,52.73,0.637
2020-02-03,0.259,89.49,0.547
2020-02-04,0.35,109.92,0.567
2020-02-05,0.368,119.8,0.242
2020-02-06,0.533,-12.39,0.839
2020-02-07,0.328,47.22,0.566
2020-02-08,0.468,-34.33,0.246
2020-02-09,0.385,31.38,0.397
2020-02-10,0.49,107.23,0.359
2020-02-11,0.496,11.25,0.804
2020-02-12,0.465,36.82,0.205
2020-02-13,0.384,-67.78,0.792
2020-02-14,0.337,18.28,0.46
2020-02-15,0.397,119.22,0.853
2020-02-16,0.3,67.8,0.915
2020-02-17,0.315,38.11,0.897
2020-02-18,0.423,-5.12,0.946
2020-02-19,0.472,-10.45,0.934
2020-02-20,0.304,63.94,0.724
2020-02-21,0.316,-60.35,0.974
2020-02-22,0.28,-8.74,0.493
2020-02-23,0.256,-1.42,0.457
2020-02-24,0.393,-55.98,0.901
2020-02-25,0.528,76.13,0.57
2020-02-26,0.42,115.78,0.997
2020-02-27,0.367,54.12,0.708
2020-02-28,0.353,105.44,0.386
2020-02-29,0.281,118.75,0.91
2020-03-01,0.258,-34.92,0.331
2020-03-02,0.373,-4.25,0.477
2020-03-03,0.469,86.73,0.206
2020-03-04,0.375,-30.27,0.843
2020-03-05,0.408,76.94,0.24
2020-03-06,0.29,-71.95,0.258
2020-03-07,0.437,108.82,0.735
2020-03-08,0.492,-28.99,0.398
2020-03-09,0.417,-55.63,0.751
2020-03-10,0.411,-45.85,0.233
2020-03-11,0.52,8.29,0.43
2020-03-12,0.23,-39.59,0.331
2020-03-13,0.413,-40.81,0.818
2020-03-14,0.226,-66.83,0.279
2020-03-15,0.396,-27.13,0.33
2020-03-16,0.477,39.33,0.84
2020-03-17,0.427,21.34,0.728
2020-03-18,0.438,65.39,0.35
2020-03-19,0.411,75.62,0.449
2020-03-20,0.52,-38.55,0.892
2020-03-21,0.344,-1.64,0.518
2020-03-22,0.491,24.17,0.939
2020-03-23,0.434,91.22,0.877
2020-03-24,0.461,-45.52,0.446
2020-03-25,0.4,26.72,0.961
2020-03-26,0.433,-41.92,0.61
2020-03-27,0.482,-1.81,0.847
2020-03-28,0.355,-73.31,0.628
2020-03-29,0.449,30.1,0.211
2020-03-30,0.353,103.1,0.866
2020-03-31,0.5,-3.29,0.857
2020-04-01,0.255,-69.76,0.814
2020-04-02,0.338,106.0,0.816
2020-04-03,0.531,-67.9,0.374
2020-04-04,0.446,-6.38,0.776
2020-04-05,0.387,-5.02,0.689
2020-04-06,0.262,-29.73,0.752
2020-04-07,0.393,-67.96,0.886
2020-04-08,0.298,60.13,0.972
2020-04-09,0.319,52.25,0.262
2020-04-10,0.416,40.41,0.625
2020-04-11,0.425,-62.84,0.229
2020-04-12,0.472,28.24,0.616
2020-04-13,0.245,59.81,0.615
2020-04-14,0.344,88.03,0.551
2020-04-15,0.307,-3.75,0.915
2020-04-16,0.501,97.49,0.661
2020-04-17,0.234,-74.87,0.267
2020-04-18,0.418,-17.72,0.695
2020-04-19,0.513,104.91,0.275
2020-04-20,0.395,-14.48,0.434
2020-04-21,0.339,102.8,0.409
2020-04-22,0.378,-18.14,0.502
2020-04-23,0.389,110.36,0.541
2020-04-24,0.405,69.15,0.884
2020-04-25,0.374,29.48,0.861
2020-04-26,0.378,83.52,0.452
2020-04-27,0.354,-52.98,0.527
2020-04-28,0.352,-33.24,0.873
2020-04-29,0.292,45.71,0.832
2020-04-30,0.409,28.4,0.415
2020-05-01,0.532,75.19,0.606
2020-05-02,0.304,101.99,0.865
2020-05-03,0.531,116.68,0.869
2020-05-04,0.285,-65.46,0.326
2020-05-05,0.418,-45.27,0.672
2020-05-06,0.339,-5.58,0.547
2020-05-07,0.438,-24.72,0.621
2020-05-08,0.267,-28.32,0.852
2020-05-09,0.481,117.61,0.898
2020-05-10,0.375,111.35,0.992
2020-05-11,0.361,-13.0,0.716
2020-05-12,0.424,38.77,0.759
2020-05-13,0.266,68.4,0.599
2020-05-14,0.36,-79.6,0.235
2020-05-15,0.394,102.23,0.517
2020-05-16,0.418,34.16,0.569
2020-05-17,0.454,-38.69,0.645
2020-05-18,0.453,-39.96,0.793
2020-05-19,0.33,-33.5,0.651
2020-05-20,0.247,52.38,0.526
2020-05-21,0.275,106.46,0.606
2020-05-22,0.327,9.72,0.947
2020-05-23,0.398,-34.24,0.232
2020-05-24,0.418,69.67,0.945
2020-05-25,0.442,110.42,0.766
2020-05-26,0.348,111.46,0.557
2020-05-27,0.327,47.8,0.775
2020-05-28,0.315,87.53,0.472
2020-05-29,0.425,-28.62,0.779
2020-05-30,0.365,-27.85,0.289
2020-05-31,0.356,68.28,0.472
2020-06-01,0.268,49.88,0.373
2020-06-02,0.401,-5.47,0.626
2020-06-03,0.492,31.77,0.616
2020-06-04,0.399,114.18,0.31
2020-06-05,0.352,-27.35,0.858
2020-06-06,0.32,-65.94,0.227
2020-06-07,0.29,-50.9,0.871
2020-06-08,0.292,105.4,0.285
2020-06-09,0.448,-15.64,0.753
2020-06-10,0.311,42.16,0.797
2020-06-11,0.391,-69.55,0.533
2020-06-12,0.392,106.68,0.617
2020-06-13,0.429,-46.74,0.623
2020-06-14,0.312,-34.63,0.483
2020-06-15,0.353,109.73,0.421
2020-06-16,0.377,72.93,0.418
2020-06-17,0.298,74.35,0.925
2020-06-18,0.5,69.13,0.65
2020-06-19,0.321,-68.71,0.456
2020-06-20,0.333,112.68,0.846
2020-06-21,0.249,40.24,0.5
2020-06-22,0.455,26.03,0.723
2020-06-23,0.479,-32.06,0.781
2020-06-24,0.365,-60.91,0.56
2020-06-25,0.455,116.13,0.281
2020-06-26,0.297,-59.94,0.79
2020-06-27,0.343,-74.92,0.54
2020-06-28,0.464,102.41,0.268
2020-06-29,0.523,32.46,0.226
2020-06-30,0.383,-39.94,0.274
2020-07-01,0.429,-4.63,0.429
2020-07-02,0.405,8.39,0.996
2020-07-03,0.364,102.32,0.979
2020-07-04,0.559,-77.64,0.301
2020-07-05,0.501,90.94,0.443
2020-07-06,0.361,2.33,0.324
2020-07-07,0.408,-5.68,0.945
2020-07-08,0.396,-20.37,0.599
2020-07-09,0.322,-13.93,0.217
2020-07-10,0.542,-60.23,0.988
2020-07-11,0.379,5.58,0.553
2020-07-12,0.512,-73.59,0.604
2020-07-13,0.3,82.32,0.857
2020-07-14,0.318,72.72,0.69
2020-07-15,0.46,60.65,0.641
2020-07-16,0.407,-57.37,0.505
2020-07-17,0.364,17.5,0.959
2020-07-18,0.37,119.01,0.64
2020-07-19,0.559,48.62,0.689
2020-07-20,0.435,-31.36,0.249
2020-07-21,0.453,0.35,0.517
2020-07-22,0.347,-32.11,0.342
2020-07-23,0.363,24.53,0.373
2020-07-24,0.389,-79.92,0.69
2020-07-25,0.325,112.85,0.508
2020-07-26,0.43,-49.97,0.911
2020-07-27,0.316,30.49,0.588
2020-07-28,0.341,10.47,0.858
2020-07-29,0.498,21.89,0.262
2020-07-30,0.291,20.05,0.986
2020-07-31,0.325,15.99,0.762
2020-08-01,0.332,-71.97,0.399
2020-08-02,0.494,-14.94,0.331
2020-08-03,0.376,-79.42,0.544
2020-08-04,0.489,69.93,0.996
2020-08-05,0.395,-1.29,0.541
2020-08-06,0.543,78.8,0.398
2020-08-07,0.424,-55.9,0.29
2020-08-08,0.404,-25.81,0.293
2020-08-09,0.35,106.73,0.687
2020-08-10,0.487,-70.56,0.91
2020-08-11,0.233,-6.36,0.847
2020-08-12,0.396,85.68,0.65
2020-08-13,0.411,12.95,0.399
2020-08-14,0.343,119.83,0.433
2020-08-15,0.415,-7.34,0.578
2020-08-16,0.431,-14.12,0.921
2020-08-17,0.354,112.68,0.989
2020-08-18,0.506,-47.33,0.784
2020-08-19,0.484,18.46,0.214
2020-08-20,0.254,-43.07,0.789
2020-08-21,0.491,-30.63,0.877
2020-08-22,0.418,-61.27,0.268
2020-08-23,0.479,-66.8,0.309
2020-08-24,0.404,86.15,0.466
2020-08-25,0.343,61.97,0.293
2020-08-26,0.315,58.32,0.996
2020-08-27,0.479,-34.5,0.619
2020-08-28,0.309,-76.71,0.494
2020-08-29,0.283,97.12,0.554
2020-08-30,0.476,70.03,0.813
2020-08-31,0.353,115.49,0.62
2020-09-01,0.44,-8.74,0.211
2020-09-02,0.383,-28.65,0.704
2020-09-03,0.274,2.78,0.304
2020-09-04,0.292,-7.87,0.625
2020-09-05,0.286,-51.16,0.334
2020-09-06,0.367,-14.63,0.714
2020-09-07,0.421,-23.14,0.79
2020-09-08,0.503,55.71,0.39
2020-09-09,0.472,116.95,0.669
2020-09-10,0.405,-70.88,0.951
2020-09-11,0.292,-49.03,0.53
2020-09-12,0.452,22.31,0.93
2020-09-13,0.334,-7.71,0.311
2020-09-14,0.371,-71.22,0.885
2020-09-15,0.447,-75.13,0.462
2020-09-16,0.407,29.19,0.761
2020-09-17,0.28,-61.8,0.997
2020-09-18,0.468,106.84,0.636
2020-09-19,0.268,-8.67,0.456
2020-09-20,0.388,-54.61,0.775
2020-09-21,0.398,-11.79,0.89
2020-09-22,0.526,66.24,0.23
2020-09-23,0.277,11.83,0.477
2020-09-24,0.359,80.68,0.691
2020-09-25,0.34,-9.97,0.416
2020-09-26,0.438,1.19,0.762
2020-09-27,0.317,-15.09,0.715
2020-09-28,0.456,11.9,0.25
2020-09-29,0.425,114.35,0.745
2020-09-30,0.241,96.36,0.436
2020-10-01,0.427,84.84,0.331
2020-10-02,0.524,28.92,0.822
2020-10-03,0.409,47.36,0.216
2020-10-04,0.305,83.79,0.816
2020-10-05,0.203,36.98,0.617
2020-10-06,0.336,-40.5,0.301
2020-10-07,0.446,102.15,0.759
2020-10-08,0.25,65.82,0.832
2020-10-09,0.401,-51.62,0.645
2020-10-10,0.394,109.78,0.205
2020-10-11,0.373,-60.35,0.706
2020-10-12,0.367,119.43,0.652
2020-10-13,0.267,-37.77,0.971
2020-10-14,0.467,89.32,0.634
2020-10-15,0.409,65.39,0.517
2020-10-16,0.48,-51.67,0.907
2020-10-17,0.458,95.87,0.851
2020-10-18,0.442,10.23,0.952
2020-10-19,0.27,-52.91,0.224
2020-10-20,0.447,-12.06,0.62
2020-10-21,0.35,3.74,0.897
2020-10-22,0.299,118.68,0.22
2020-10-23,0.411,43.23,0.302
2020-10-24,0.451,94.95,0.55
2020-10-25,0.446,88.73,0.809
2020-10-26,0.496,107.67,0.908
2020-10-27,0.325,48.1,0.413
2020-10-28,0.336,46.31,0.658
2020-10-29,0.334,20.95,0.664
2020-10-30,0.318,9.62,0.79
2020-10-31,0.294,8.95,0.743
2020-11-01,0.381,-70.49,0.737
2020-11-02,0.346,49.36,0.327
2020-11-03,0.28,-16.7,0.939
2020-11-04,0.338,84.39,0.767
2020-11-05,0.43,85.1,0.957
2020-11-06,0.398,15.59,0.353
2020-11-07,0.442,-4.54,0.96
2020-11-08,0.387,-43.3,0.752
2020-11-09,0.333,-37.73,0.718
2020-11-10,0.317,-16.22,0.653
2020-11-11,0.275,-51.49,0.772
2020-11-12,0.393,35.38,0.252
2020-11-13,0.475,-48.91,0.547
2020-11-14,0.436,67.63,0.842
2020-11-15,0.406,5.73,0.801
2020-11-16,0.362,-61.39,0.712
2020-11-17,0.3,-1.29,0.246
2020-11-18,0.574,88.29,0.648
2020-11-19,0.37,-38.81,0.81
2020-11-20,0.281,1.86,0.392
2020-11-21,0.338,-60.92,0.951
2020-11-22,0.343,-11.26,0.555
2020-11-23,0.551,27.22,0.217
2020-11-24,0.371,54.36,0.291
2020-11-25,0.248,96.28,0.689
2020-11-26,0.322,65.72,0.514
2020-11-27,0.317,-25.72,0.251
2020-11-28,0.381,20.34,0.344
2020-11-29,0.286,-5.12,0.62
2020-11-30,0.356,-62.43,0.798
2020-12-01,0.419,-9.69,0.802
2020-12-02,0.463,77.36,0.213
2020-12-03,0.383,2.63,0.719
2020-12-04,0.38,-31.12,0.582
2020-12-05,0.427,78.05,0.402
2020-12-06,0.508,-11.71,0.206
2020-12-07,0.305,10.13,0.743
2020-12-08,0.431,-18.53,0.534
2020-12-09,0.429,-58.56,0.291
2020-12-10,0.353,100.58,0.464
2020-12-11,0.201,55.28,0.721
2020-12-12,0.36,-62.36,0.664
2020-12-13,0.497,18.56,0.378
2020-12-14,0.414,113.67,0.628
2020-12-15,0.264,-27.94,0.67
2020-12-16,0.549,28.23,0.898
2020-12-17,0.421,110.85,0.596
2020-12-18,0.451,-30.25,0.535
2020-12-19,0.212,51.35,0.859
2020-12-20,0.343,-73.7,0.584
2020-12-21,0.332,18.26,0.805
2020-12-22,0.416,-70.32,0.6
2020-12-23,0.386,80.57,0.625
2020-12-24,0.35,-75.85,0.749
2020-12-25,0.332,71.93,0.913
2020-12-26,0.408,5.72,0.732
2020-12-27,0.389,-31.88,0.339
2020-12-28,0.377,-63.57,0.611
2020-12-29,0.427,67.07,0.551
2020-12-30,0.469,114.31,0.649
2020-12-31,0.449,6.38,0.389
2021-01-01,0.447,13.76,0.924
2021-01-02,0.465,-11.53,0.82
2021-01-03,0.448,59.73,0.276
2021-01-04,0.294,-42.96,0.236
2021-01-05,0.413,52.36,0.985
2021-01-06,0.516,37.11,0.27
2021-01-07,0.303,73.92,0.748
2021-01-08,0.229,84.15,0.898
2021-01-09,0.321,-14.96,0.971
2021-01-10,0.422,74.06,0.631
2021-01-11,0.383,76.39,0.248
2021-01-12,0.558,-50.5,0.404
2021-01-13,0.39,62.29,0.916
2021-01-14,0.391,-79.22,0.361
2021-01-15,0.378,69.42,0.924
2021-01-16,0.459,34.72,0.54
2021-01-17,0.397,9.67,0.533
2021-01-18,0.447,-6.6,0.894
2021-01-19,0.33,36.13,0.399
2021-01-20,0.359,39.55,0.889
2021-01-21,0.506,41.84,0.684
2021-01-22,0.285,-33.54,0.795
2021-01-23,0.436,-73.28,0.795
2021-01-24,0.331,72.07,0.398
2021-01-25,0.464,-18.17,0.256
2021-01-26,0.668,-41.31,0.209
2021-01-27,0.381,104.54,0.792
2021-01-28,0.618,-17.45,0.795
2021-01-29,0.319,-22.16,0.675
2021-01-30,0.357,19.14,0.905
2021-01-31,0.494,-71.76,0.833
2021-02-01,0.312,-68.88,0.341
2021-02-02,0.299,75.11,0.791
2021-02-03,0.301,68.42,0.731
2021-02-04,0.256,-27.27,0.461
2021-02-05,0.427,35.34,0.506
2021-02-06,0.427,17.97,0.372
2021-02-07,0.36,50.85,0.81
2021-02-08,0.483,1.95,0.974
2021-02-09,0.4,35.63,0.834
2021-02-10,0.481,-60.95,0.245
2021-02-11,0.332,-29.29,0.59
2021-02-12,0.274,-70.33,0.236
2021-02-13,0.443,-3.04,0.885
2021-02-14,0.361,39.04,0.363
2021-02-15,0.439,-3.33,0.449
2021-02-16,0.498,-51.52,0.463
2021-02-17,0.338,76.34,0.706
2021-02-18,0.497,94.88,0.643
2021-02-19,0.456,-35.92,0.636
2021-02-20,0.36,-28.34,0.428
2021-02-21,0.262,2.38,0.536
2021-02-22,0.473,70.13,0.463
2021-02-23,0.546,99.81,0.461
2021-02-24,0.406,79.31,0.499
2021-02-25,0.376,-43.1,0.487
2021-02-26,0.393,48.12,0.755
2021-02-27,0.306,-18.97,0.474
2021-02-28,0.452,55.01,0.336
2021-03-01,0.409,-16.37,0.904
2021-03-02,0.382,-68.77,0.399
2021-03-03,0.432,31.23,0.477
2021-03-04,0.256,112.15,0.37
2021-03-05,0.465,100.4,0.256
2021-03-06,0.192,28.96,0.532
2021-03-07,0.408,-64.25,0.375
2021-03-08,0.551,108.24,0.514
2021-03-09,0.39,8.79,0.454
2021-03-10,0.363,-26.76,0.908
2021-03-11,0.339,50.43,0.87
2021-03-12,0.338,-61.63,0.241
2021-03-13,0.398,-60.89,0.73
2021-03-14,0.482,16.11,0.995
2021-03-15,0.454,108.35,0.362
2021-03-16,0.379,18.65,0.947
2021-03-17,0.396,-18.15,0.568
2021-03-18,0.319,0.52,0.655
2021-03-19,0.234,21.59,0.295
2021-03-20,0.278,-20.72,0.46
2021-03-21,0.31,-41.44,0.612
2021-03-22,0.567,-31.56,0.592
2021-03-23,0.376,6.6,0.708
2021-03-24,0.294,68.52,0.496
2021-03-25,0.289,-78.01,0.605
2021-03-26,0.481,5.65,0.587
2021-03-27,0.233,27.49,0.326
2021-03-28,0.421,-49.04,0.721
2021-03-29,0.348,63.77,0.909
2021-03-30,0.329,43.26,0.773
2021-03-31,0.462,44.79,0.305
2021-04-01,0.354,37.6,0.327
2021-04-02,0.359,-29.24,0.804
2021-04-03,0.442,15.27,0.911
2021-04-04,0.494,33.35,0.368
2021-04-05,0.383,10.8,0.809
2021-04-06,0.341,46.51,0.497
2021-04-07,0.274,-45.39,0.42
2021-04-08,0.367,84.91,0.552
2021-04-09,0.15,16.33,0.433
2021-04-10,0.392,-68.15,0.709
2021-04-11,0.526,-18.57,0.947
2021-04-12,0.437,110.49,0.269
2021-04-13,0.446,66.56,0.518
2021-04-14,0.371,60.42,0.458
2021-04-15,0.336,81.75,0.202
2021-04-16,0.34,-34.64,0.351
2021-04-17,0.401,24.67,0.746
2021-04-18,0.279,-77.96,0.78
2021-04-19,0.335,-52.48,0.611
2021-04-20,0.494,114.64,0.297
2021-04-21,0.307,85.75,0.703
2021-04-22,0.331,108.26,0.234
2021-04-23,0.284,92.77,0.938
2021-04-24,0.327,12.64,0.733
2021-04-25,0.383,47.21,0.312
2021-04-26,0.357,-4.18,0.938
2021-04-27,0.524,9.97,0.936
2021-04-28,0.341,117.92,0.812
2021-04-29,0.312,88.84,0.713
2021-04-30,0.305,34.61,0.714
2021-05-01,0.571,-36.47,0.779
2021-05-02,0.483,60.53,0.407
2021-05-03,0.402,108.87,0.734
2021-05-04,0.25,93.66,0.256
2021-05-05,0.313,-21.58,0.385
2021-05-06,0.467,8.26,0.25
2021-05-07,0.306,28.42,0.444
2021-05-08,0.346,-51.49,0.384
2021-05-09,0.378,37.52,0.737
2021-05-10,0.396,-75.19,0.895
2021-05-11,0.581,18.35,0.424
2021-05-12,0.373,109.58,0.415
2021-05-13,0.239,115.28,0.381
2021-05-14,0.486,117.34,0.21
2021-05-15,0.415,-31.3,0.755
2021-05-16,0.578,10.08,0.495
2021-05-17,0.375,-2.22,0.405
2021-05-18,0.57,-67.92,0.666
2021-05-19,0.333,-78.64,0.579
2021-05-20,0.527,13.46,0.315
2021-05-21,0.262,-67.63,0.971
2021-05-22,0.438,82.96,0.356
2021-05-23,0.475,82.87,0.491
2021-05-24,0.413,74.92,0.598
2021-05-25,0.391,116.43,0.83
2021-05-26,0.398,2.1,0.244
2021-05-27,0.332,55.45,0.754
2021-05-28,0.408,-10.86,0.932
2021-05-29,0.531,25.69,0.599
2021-05-30,0.299,21.21,0.881
2021-05-31,0.279,115.17,0.658
2021-06-01,0.538,103.03,0.362
2021-06-02,0.391,68.08,0.782
2021-06-03,0.56,87.9,0.535
2021-06-04,0.464,95.06,0.288
2021-06-05,0.466,-30.19,0.91
2021-06-06,0.343,-14.3,0.983
2021-06-07,0.44,34.9,0.706
2021-06-08,0.401,-7.07,0.209
2021-06-09,0.451,-12.74,0.332
2021-06-10,0.449,36.33,0.273
2021-06-11,0.406,-40.17,0.577
2021-06-12,0.448,32.8,0.272
2021-06-13,0.443,-69.71,0.581
2021-06-14,0.381,-3.97,0.889
2021-06-15,0.503,-8.6,0.547
2021-06-16,0.371,42.35,0.974
2021-06-17,0.331,89.56,0.221
2021-06-18,0.339,119.95,0.237
2021-06-19,0.411,42.5,0.314
2021-06-20,0.413,31.53,0.24
2021-06-21,0.359,58.85,0.392
2021-06-22,0.43,97.21,0.521
2021-06-23,0.375,-40.59,0.315
2021-06-24,0.233,49.32,0.981
2021-06-25,0.516,71.13,0.879
2021-06-26,0.325,96.53,0.495
2021-06-27,0.43,-57.26,0.573
2021-06-28,0.309,-30.92,0.573
2021-06-29,0.405,43.09,0.975
2021-06-30,0.369,-9.37,0.733
2021-07-01,0.368,-48.67,0.998
2021-07-02,0.439,-7.42,0.226
2021-07-03,0.417,116.91,0.58
2021-07-04,0.321,-40.67,0.697
2021-07-05,0.33,-31.7,0.411
2021-07-06,0.432,14.18,0.274
2021-07-07,0.278,-28.77,0.558
2021-07-08,0.398,103.94,0.617
2021-07-09,0.451,67.59,0.615
2021-07-10,0.573,69.17,0.509
2021-07-11,0.347,-34.66,0.871
2021-07-12,0.32,87.57,0.754
2021-07-13,0.21,58.23,0.442
2021-07-14,0.339,-3.42,0.841
2021-07-15,0.324,62.08,0.329
2021-07-16,0.344,35.17,0.886
2021-07-17,0.27,-23.08,0.652
2021-07-18,0.339,-60.41,0.795
2021-07-19,0.279,-51.67,0.999
2021-07-20,0.39,31.12,0.439
2021-07-21,0.375,7.64,0.327
2021-07-22,0.374,101.14,0.288
2021-07-23,0.367,53.31,0.61
2021-07-24,0.582,-71.76,0.227
2021-07-25,0.434,-41.25,0.29
2021-07-26,0.433,83.08,0.676
2021-07-27,0.39,-77.0,0.253
2021-07-28,0.435,-50.98,0.337
2021-07-29,0.524,-42.2,0.551
2021-07-30,0.344,86.98,0.542
2021-07-31,0.407,-43.84,0.444
2021-08-01,0.469,55.82,0.872
2021-08-02,0.469,55.2,0.834
2021-08-03,0.364,-56.23,0.838
2021-08-04,0.495,69.13,0.24
2021-08-05,0.322,18.59,0.803
2021-08-06,0.459,29.68,0.611
2021-08-07,0.293,54.12,0.841
2021-08-08,0.427,33.33,0.205
2021-08-09,0.492,11.16,0.254
2021-08-10,0.325,-14.82,0.852
2021-08-11,0.278,-29.37,0.897
2021-08-12,0.469,17.1,0.45
2021-08-13,0.329,-67.74,0.676
2021-08-14,0.272,99.71,0.246
2021-08-15,0.402,-59.71,0.455
2021-08-16,0.387,-8.8,0.708
2021-08-17,0.411,10.94,0.891
2021-08-18,0.492,53.07,0.83
2021-08-19,0.354,103.55,0.772
2021-08-20,0.329,-5.43,0.917
2021-08-21,0.402,-68.99,0.623
2021-08-22,0.477,-40.83,0.563
2021-08-23,0.366,68.34,0.201
2021-08-24,0.249,49.08,0.983
2021-08-25,0.514,-40.98,0.785
2021-08-26,0.428,52.59,0.233
2021-08-27,0.356,-3.32,0.243
2021-08-28,0.427,-56.17,0.808
2021-08-29,0.431,-11.81,0.821
2021-08-30,0.524,64.4,0.42
2021-08-31,0.343,-32.28,0.491
2021-09-01,0.328,-66.81,0.71
2021-09-02,0.344,80.59,0.951
2021-09-03,0.413,93.92,0.312
2021-09-04,0.307,55.1,0.976
2021-09-05,0.054,-8.09,0.362
2021-09-06,0.326,23.14,0.795
2021-09-07,0.433,73.55,0.873
2021-09-08,0.459,25.9,0.656
2021-09-09,0.476,-12.96,0.968
2021-09-10,0.442,9.4,0.836
2021-09-11,0.415,7.89,0.45
2021-09-12,0.403,44.9,0.287
2021-09-13,0.336,20.87,0.72
2021-09-14,0.283,86.0,0.245
2021-09-15,0.262,-79.47,0.294
2021-09-16,0.33,90.52,0.635
2021-09-17,0.39,106.48,0.354
2021-09-18,0.334,-18.21,0.201
2021-09-19,0.378,39.99,0.404
2021-09-20,0.375,67.7,0.99
2021-09-21,0.541,31.55,0.462
2021-09-22,0.498,24.24,0.495
2021-09-23,0.404,-31.38,0.347
2021-09-24,0.533,109.51,0.835
2021-09-25,0.429,-49.22,0.713
2021-09-26,0.479,96.95,0.469
2021-09-27,0.316,54.4,0.817
2021-09-28,0.477,-77.51,0.648
2021-09-29,0.423,-18.42,0.817
2021-09-30,0.506,43.81,0.9
2021-10-01,0.305,48.78,0.939
2021-10-02,0.388,47.63,0.909
2021-10-03,0.389,79.0,0.586
2021-10-04,0.444,-71.94,0.917
2021-10-05,0.323,-4.08,0.253
2021-10-06,0.31,33.77,0.268
2021-10-07,0.379,-8.06,0.466
2021-10-08,0.3,46.84,0.982
2021-10-09,0.326,-17.57,0.866
2021-10-10,0.289,29.26,0.902
2021-10-11,0.204,116.99,0.51
2021-10-12,0.306,-58.92,0.94
2021-10-13,0.335,-54.27,0.652
2021-10-14,0.414,-17.25,0.376
2021-10-15,0.315,35.56,0.473
2021-10-16,0.533,15.52,0.774
2021-10-17,0.473,-46.12,0.523
2021-10-18,0.321,-69.28,0.354
2021-10-19,0.345,-40.48,0.469
2021-10-20,0.345,42.67,0.602
2021-10-21,0.474,63.98,0.761
2021-10-22,0.434,-75.81,0.505
2021-10-23,0.241,52.27,0.847
2021-10-24,0.278,16.04,0.627
2021-10-25,0.348,-72.87,0.549
2021-10-26,0.366,117.76,0.418
2021-10-27,0.576,67.96,0.693
2021-10-28,0.383,-13.8,0.822
2021-10-29,0.291,-6.37,0.756
2021-10-30,0.385,-30.62,0.724
2021-10-31,0.386,42.8,0.372
2021-11-01,0.474,-64.13,0.588
2021-11-02,0.458,88.78,0.932
2021-11-03,0.413,101.84,0.527
2021-11-04,0.379,-52.88,0.337
2021-11-05,0.44,18.42,0.31
2021-11-06,0.334,95.51,0.7
2021-11-07,0.274,-59.19,0.225
2021-11-08,0.294,-29.27,0.375
2021-11-09,0.429,106.1,0.629
2021-11-10,0.516,45.18,0.779
2021-11-11,0.46,58.8,0.284
2021-11-12,0.4,103.58,0.945
2021-11-13,0.497,73.86,0.817
2021-11-14,0.462,-33.5,0.494
2021-11-15,0.527,10.05,0.954
2021-11-16,0.323,44.41,0.836
2021-11-17,0.454,-14.85,0.213
2021-11-18,0.327,-64.11,0.831
2021-11-19,0.54,13.48,0.785
2021-11-20,0.311,-37.99,0.291
2021-11-21,0.374,-11.67,0.371
2021-11-22,0.305,48.67,0.529
2021-11-23,0.424,99.21,0.335
2021-11-24,0.329,100.11,0.491
2021-11-25,0.269,75.41,0.997
2021-11-26,0.392,29.59,0.626
2021-11-27,0.43,-16.17,0.719
2021-11-28,0.362,76.57,0.686
2021-11-29,0.428,20.25,0.766
2021-11-30,0.219,117.49,0.461
2021-12-01,0.395,46.71,0.938
2021-12-02,0.375,87.09,0.93
2021-12-03,0.388,80.91,0.511
2021-12-04,0.402,46.95,0.845
2021-12-05,0.486,112.28,0.96
2021-12-06,0.395,33.82,0.714
2021-12-07,0.24,92.45,0.65
2021-12-08,0.448,-46.49,0.361
2021-12-09,0.498,0.15,0.489
2021-12-10,0.424,47.42,0.657
2021-12-11,0.464,6.89,0.271
2021-12-12,0.499,114.0,0.639
2021-12-13,0.434,-79.31,0.525
2021-12-14,0.49,61.43,0.28
2021-12-15,0.445,-76.18,0.916
2021-12-16,0.333,-2.99,0.849
2021-12-17,0.373,29.29,0.574
2021-12-18,0.314,-43.34,0.98
2021-12-19,0.442,-45.11,0.282
2021-12-20,0.534,43.68,0.651
2021-12-21,0.329,-13.6,0.928
2021-12-22,0.496,109.92,0.279
2021-12-23,0.44,93.76,0.466
2021-12-24,0.445,73.01,0.648
2021-12-25,0.207,-35.86,0.994
2021-12-26,0.299,-42.89,0.637
2021-12-27,0.393,-57.23,0.35
2021-12-28,0.44,48.36,0.483
2021-12-29,0.361,66.31,0.477
2021-12-30,0.299,75.98,0.32
2021-12-31,0.486,44.31,0.881
2022-01-01,0.347,-49.85,0.211
2022-01-02,0.283,12.73,0.618
2022-01-03,0.369,58.51,0.926
2022-01-04,0.421,0.78,0.345
2022-01-05,0.336,-39.21,0.514
2022-01-06,0.388,-64.97,0.964
2022-01-07,0.411,-3.92,0.338
2022-01-08,0.326,-29.37,0.906
2022-01-09,0.522,104.81,0.869
2022-01-10,0.438,-32.71,0.467
2022-01-11,0.398,-41.17,0.708
2022-01-12,0.35,-8.8,0.633
2022-01-13,0.421,4.07,0.621
2022-01-14,0.381,-57.23,0.532
2022-01-15,0.373,-70.35,0.312
2022-01-16,0.36,16.33,0.516
2022-01-17,0.272,-60.75,0.448
2022-01-18,0.347,12.03,0.976
2022-01-19,0.462,-12.63,0.926
2022-01-20,0.345,81.63,0.837
2022-01-21,0.27,119.6,0.741
2022-01-22,0.379,65.58,0.345
2022-01-23,0.254,52.66,0.643
2022-01-24,0.467,37.27,0.724
2022-01-25,0.348,-9.41,0.413
2022-01-26,0.333,21.66,0.697
2022-01-27,0.49,-47.34,0.412
2022-01-28,0.397,-59.4,0.599
2022-01-29,0.368,-41.0,0.874
2022-01-30,0.319,28.67,0.45
2022-01-31,0.424,78.85,0.477
2022-02-01,0.362,63.49,0.341
2022-02-02,0.408,-26.28,0.603
2022-02-03,0.295,33.48,0.486
2022-02-04,0.281,-40.62,0.363
2022-02-05,0.378,-41.1,0.221
2022-02-06,0.388,102.95,0.26
2022-02-07,0.277,99.73,0.593
2022-02-08,0.511,72.97,0.31
2022-02-09,0.364,58.86,0.251
2022-02-10,0.315,33.68,0.281
2022-02-11,0.331,-8.19,0.504
2022-02-12,0.426,-43.16,0.954
2022-02-13,0.358,-63.4,0.546
2022-02-14,0.445,72.07,0.218
2022-02-15,0.475,-50.03,0.437
2022-02-16,0.392,49.75,0.292
2022-02-17,0.297,78.03,0.447
2022-02-18,0.329,60.79,0.35
2022-02-19,0.353,0.65,0.464
2022-02-20,0.428,43.75,0.287
2022-02-21,0.512,-57.55,0.528
2022-02-22,0.484,47.69,0.296
2022-02-23,0.368,-58.39,0.824
2022-02-24,0.316,-24.95,0.261
2022-02-25,0.32,73.44,0.5
2022-02-26,0.299,112.05,0.811
2022-02-27,0.337,-17.47,0.953
2022-02-28,0.52,-45.21,0.202
2022-03-01,0.451,103.88,0.6
2022-03-02,0.306,4.95,0.998
2022-03-03,0.318,112.67,0.438
2022-03-04,0.347,79.92,0.784
2022-03-05,0.372,118.38,0.999
2022-03-06,0.354,108.45,0.41
2022-03-07,0.298,-7.42,0.871
2022-03-08,0.424,23.93,0.251
2022-03-09,0.334,-16.36,0.579
2022-03-10,0.371,104.13,0.495
2022-03-11,0.55,118.73,0.782
2022-03-12,0.469,73.07,0.512
2022-03-13,0.464,-30.95,0.468
2022-03-14,0.35,26.66,0.605
2022-03-15,0.272,73.82,0.402
2022-03-16,0.354,78.43,0.212
2022-03-17,0.56,-24.33,0.963
2022-03-18,0.496,-22.22,0.397
2022-03-19,0.302,-33.41,0.98
2022-03-20,0.408,102.09,0.541
2022-03-21,0.345,66.45,0.488
2022-03-22,0.49,-9.85,0.319
2022-03-23,0.244,90.13,0.618
2022-03-24,0.461,52.88,0.501
2022-03-25,0.363,9.18,0.553
2022-03-26,0.354,42.56,0.236
2022-03-27,0.428,84.62,0.751
2022-03-28,0.449,23.33,0.946
2022-03-29,0.411,-44.48,0.915
2022-03-30,0.356,-13.79,0.92
2022-03-31,0.416,19.64,0.484
2022-04-01,0.295,63.96,0.688
2022-04-02,0.404,-76.62,0.243
2022-04-03,0.432,20.27,0.561
2022-04-04,0.3,-69.03,0.771
2022-04-05,0.447,-61.45,0.664
2022-04-06,0.473,47.02,0.576
2022-04-07,0.371,95.01,0.723
2022-04-08,0.475,-40.37,0.342
2022-04-09,0.459,-34.44,0.74
2022-04-10,0.388,113.12,0.618
2022-04-11,0.271,19.88,0.252
2022-04-12,0.346,-45.16,0.913
2022-04-13,0.414,98.92,0.46
2022-04-14,0.408,-65.62,0.308
2022-04-15,0.332,-19.43,0.736
2022-04-16,0.38,-19.76,0.866
2022-04-17,0.414,90.46,0.224
2022-04-18,0.46,81.5,0.768
2022-04-19,0.354,8.99,0.5
2022-04-20,0.489,62.03,0.596
2022-04-21,0.256,-39.84,0.428
2022-04-22,0.461,-20.45,0.737
2022-04-23,0.495,39.42,0.649
2022-04-24,0.421,41.41,0.815
2022-04-25,0.333,2.97,0.399
2022-04-26,0.354,-67.43,0.838
2022-04-27,0.443,20.4,0.824
2022-04-28,0.18,22.07,0.238
2022-04-29,0.545,30.11,0.55
2022-04-30,0.454,8.29,0.259
2022-05-01,0.455,-74.73,0.444
2022-05-02,0.489,40.54,0.385
2022-05-03,0.31,-9.36,0.988
2022-05-04,0.408,-40.97,0.798
2022-05-05,0.351,-63.67,0.646
2022-05-06,0.281,26.41,0.337
2022-05-07,0.21,57.7,0.509
2022-05-08,0.377,84.99,0.895
2022-05-09,0.255,-59.35,0.462
2022-05-10,0.426,23.21,0.959
2022-05-11,0.257,87.62,0.546
2022-05-12,0.343,33.03,0.313
2022-05-13,0.445,-50.47,0.419
2022-05-14,0.282,64.67,0.819
2022-05-15,0.415,18.51,0.692
2022-05-16,0.39,-79.9,0.419
2022-05-17,0.383,96.33,0.983
2022-05-18,0.403,71.16,0.202
2022-05-19,0.284,-9.06,0.653
2022-05-20,0.42,24.23,0.588
2022-05-21,0.477,91.63,0.246
2022-05-22,0.43,58.59,0.966
2022-05-23,0.336,44.42,0.477
2022-05-24,0.323,16.39,0.273
2022-05-25,0.403,34.74,0.785
2022-05-26,0.364,109.6,0.583
2022-05-27,0.338,-70.42,0.75
2022-05-28,0.476,114.32,0.346
2022-05-29,0.367,106.54,0.292
2022-05-30,0.33,76.41,0.61
2022-05-31,0.346,52.84,0.834
2022-06-01,0.41,115.41,0.929
2022-06-02,0.376,73.34,0.708
2022-06-03,0.448,71.48,0.897
2022-06-04,0.384,50.65,0.448
2022-06-05,0.466,-55.21,0.325
2022-06-06,0.394,26.59,0.293
2022-06-07,0.477,-75.29,0.431
2022-06-08,0.563,-47.04,0.787
2022-06-09,0.301,-3.54,0.408
2022-06-10,0.362,88.95,0.917
2022-06-11,0.27,-77.04,0.823
2022-06-12,0.337,11.65,0.247
2022-06-13,0.511,46.62,0.676
2022-06-14,0.353,19.73,0.682
2022-06-15,0.37,118.29,0.552
2022-06-16,0.516,-33.73,0.615
2022-06-17,0.478,-31.91,0.321
2022-06-18,0.331,-24.1,0.725
2022-06-19,0.413,-57.69,0.605
2022-06-20,0.405,-7.39,0.267
2022-06-21,0.428,0.84,0.579
2022-06-22,0.399,78.35,0.302
2022-06-23,0.433,76.33,0.803
2022-06-24,0.373,-36.76,0.987
2022-06-25,0.376,57.29,0.797
2022-06-26,0.455,44.09,0.35
2022-06-27,0.3,72.61,0.845
2022-06-28,0.391,109.18,0.349
2022-06-29,0.41,-36.24,0.988
2022-06-30,0.368,12.44,0.541
2022-07-01,0.302,51.37,0.746
2022-07-02,0.522,91.98,0.407
2022-07-03,0.455,-20.57,0.628
2022-07-04,0.37,-66.04,0.224
2022-07-05,0.419,66.85,0.369
2022-07-06,0.454,-75.26,0.781
2022-07-07,0.459,-49.79,0.249
2022-07-08,0.404,11.6,0.324
2022-07-09,0.463,47.75,0.244
2022-07-10,0.412,-61.06,0.396
2022-07-11,0.422,57.64,0.489
2022-07-12,0.446,-43.31,0.617
2022-07-13,0.27,1.42,0.301
2022-07-14,0.414,92.87,0.943
2022-07-15,0.346,23.93,0.467
2022-07-16,0.5,22.15,0.608
2022-07-17,0.368,59.02,0.767
2022-07-18,0.398,87.34,0.812
2022-07-19,0.374,-27.21,0.337
2022-07-20,0.309,102.34,0.927
2022-07-21,0.318,-49.83,0.822
2022-07-22,0.356,-4.65,0.792
2022-07-23,0.366,95.41,0.527
2022-07-24,0.386,19.3,0.708
2022-07-25,0.326,113.49,0.956
2022-07-26,0.348,-73.01,0.786
2022-07-27,0.448,-63.84,0.287
2022-07-28,0.396,-7.37,0.24
2022-07-29,0.598,100.46,0.865
2022-07-30,0.391,-39.8,0.996
2022-07-31,0.431,104.05,0.639
2022-08-01,0.373,80.2,0.648
2022-08-02,0.381,-13.37,0.288
2022-08-03,0.472,112.76,0.518
2022-08-04,0.314,-70.53,0.479
2022-08-05,0.383,48.83,0.77
2022-08-06,0.365,73.89,0.547
2022-08-07,0.403,27.93,0.847
2022-08-08,0.51,-66.82,0.368
2022-08-09,0.472,105.28,0.801
2022-08-10,0.288,-25.43,0.36
2022-08-11,0.392,-61.8,0.563
2022-08-12,0.415,53.97,0.594
2022-08-13,0.429,39.45,0.569
2022-08-14,0.446,-38.06,0.684
2022-08-15,0.454,77.6,0.517
2022-08-16,0.331,25.16,0.232
2022-08-17,0.299,61.48,0.386
2022-08-18,0.294,-67.98,0.454
2022-08-19,0.332,87.36,0.727
2022-08-20,0.375,6.38,0.999
2022-08-21,0.229,10.71,0.828
2022-08-22,0.343,-58.31,0.939
2022-08-23,0.316,91.56,0.923
2022-08-24,0.415,-26.63,0.315
2022-08-25,0.383,-58.65,0.868
2022-08-26,0.415,113.4,0.353
2022-08-27,0.324,107.79,0.515
2022-08-28,0.459,2.94,0.369
2022-08-29,0.431,84.95,0.954
2022-08-30,0.371,-31.18,0.453
2022-08-31,0.469,3.12,0.558
2022-09-01,0.278,103.35,0.294
2022-09-02,0.22,-53.54,0.296
2022-09-03,0.461,-16.78,0.654
2022-09-04,0.493,25.66,0.41
2022-09-05,0.46,-31.93,0.595
2022-09-06,0.394,92.45,0.924
2022-09-07,0.379,34.63,0.286
2022-09-08,0.459,-17.97,0.558
2022-09-09,0.325,-71.44,0.82
2022-09-10,0.37,8.04,0.61
2022-09-11,0.328,87.72,0.599
2022-09-12,0.44,-24.82,0.657
2022-09-13,0.369,-4.24,0.579
2022-09-14,0.361,8.53,0.237
2022-09-15,0.496,59.14,0.616
2022-09-16,0.228,-61.58,0.678
2022-09-17,0.322,62.4,0.753
2022-09-18,0.464,64.77,0.443
2022-09-19,0.466,105.56,0.961
2022-09-20,0.565,83.44,0.668
2022-09-21,0.359,47.79,0.458
2022-09-22,0.411,3.74,0.796
2022-09-23,0.223,-0.38,0.561
2022-09-24,0.464,-23.44,0.902
2022-09-25,0.347,65.47,0.451
2022-09-26,0.3,48.8,0.586
2022-09-27,0.473,-31.08,0.284
2022-09-28,0.469,-34.04,0.478
2022-09-29,0.436,23.04,0.796
2022-09-30,0.471,98.92,0.612
2022-10-01,0.342,15.54,0.439
2022-10-02,0.375,-1.84,0.603
2022-10-03,0.453,-61.56,0.828
2022-10-04,0.412,-78.35,0.976
2022-10-05,0.359,3.71,0.464
2022-10-06,0.367,106.51,0.819
2022-10-07,0.433,-23.57,0.461
2022-10-08,0.335,110.98,0.232
2022-10-09,0.479,-19.04,0.368
2022-10-10,0.411,-48.0,0.309
2022-10-11,0.393,19.96,0.827
2022-10-12,0.443,34.99,0.72
2022-10-13,0.403,5.26,0.206
2022-10-14,0.29,57.49,0.614
2022-10-15,0.435,68.05,0.248
2022-10-16,0.443,46.44,0.237
2022-10-17,0.437,-16.91,0.997
2022-10-18,0.597,103.03,0.685
2022-10-19,0.48,22.68,0.812
2022-10-20,0.468,100.34,0.261
2022-10-21,0.421,-46.13,0.865
2022-10-22,0.362,106.97,0.252
2022-10-23,0.206,37.16,0.662
2022-10-24,0.432,103.47,0.615
2022-10-25,0.404,27.01,0.933
2022-10-26,0.385,39.75,0.938
2022-10-27,0.422,-71.79,0.807
2022-10-28,0.336,28.68,0.889
2022-10-29,0.436,56.81,0.256
2022-10-30,0.385,113.92,0.778
2022-10-31,0.387,-16.65,0.467
2022-11-01,0.369,8.23,0.411
2022-11-02,0.524,12.79,0.914
2022-11-03,0.412,-68.0,0.858
2022-11-04,0.486,16.19,0.855
2022-11-05,0.365,-6.12,0.355
2022-11-06,0.327,57.45,0.739
2022-11-07,0.32,-28.99,0.532
2022-11-08,0.315,-57.96,0.373
2022-11-09,0.282,-67.41,0.587
2022-11-10,0.281,115.03,0.558
2022-11-11,0.32,-31.95,0.665
2022-11-12,0.299,37.17,0.29
2022-11-13,0.393,65.39,0.688
2022-11-14,0.488,12.06,0.458
2022-11-15,0.36,86.95,0.343
2022-11-16,0.352,-63.61,0.998
2022-11-17,0.357,116.73,0.54
2022-11-18,0.27,29.95,0.431
2022-11-19,0.448,52.34,0.608
2022-11-20,0.271,69.97,0.658
2022-11-21,0.351,-47.51,0.462
2022-11-22,0.31,-19.25,0.319
2022-11-23,0.401,110.33,0.867
2022-11-24,0.454,39.18,0.332
2022-11-25,0.424,-5.21,0.678
2022-11-26,0.472,37.33,0.737
2022-11-27,0.516,-24.84,0.742
2022-11-28,0.305,94.22,0.861
2022-11-29,0.407,-29.07,0.233
2022-11-30,0.38,61.07,0.207
2022-12-01,0.455,-79.13,0.534
2022-12-02,0.408,-79.78,0.989
2022-12-03,0.535,92.25,0.475
2022-12-04,0.372,97.9,0.372
2022-12-05,0.299,56.92,0.714
2022-12-06,0.477,29.87,0.739
2022-12-07,0.352,-13.37,0.253
2022-12-08,0.436,-5.22,0.496
2022-12-09,0.494,119.41,0.537
2022-12-10,0.232,25.58,0.907
2022-12-11,0.319,-18.93,0.385
2022-12-12,0.457,-66.17,0.317
2022-12-13,0.57,102.7,0.749
2022-12-14,0.382,11.58,0.362
2022-12-15,0.337,53.04,0.749
2022-12-16,0.348,-75.7,0.852
2022-12-17,0.487,-74.6,0.514
2022-12-18,0.449,86.82,0.75
2022-12-19,0.431,115.55,0.994
2022-12-20,0.418,71.92,0.503
2022-12-21,0.313,66.88,0.972
2022-12-22,0.221,112.66,0.694
2022-12-23,0.346,101.7,0.889
2022-12-24,0.447,-32.28,0.594
2022-12-25,0.421,3.28,0.681
2022-12-26,0.335,-32.79,0.308
2022-12-27,0.43,102.21,0.351
2022-12-28,0.405,21.76,0.406
2022-12-29,0.368,-66.88,0.9
2022-12-30,0.475,76.72,0.438
2022-12-31,0.368,94.72,0.594
